title,link,source,published_at,query
"Redução da dispersão da inflação se concentra em bens e BC vê juros restritivos por tempo prolongado, diz Galípolo - SBT News",https://news.google.com/rss/articles/CBMi7gFBVV95cUxNODhiVmIwZFdlV09Wbkg3VWpLeHlVM0FwdEFpTUIxNFdFVDdCbE5lejhzcGJTS2dNdHN2NzhxYmplN2FZOE80RkRlalNJTDNsZTJnYVZqejV1dXp5UExxSzRXRml1RjlFc09EQ2kxc0NSZnNEdHU0RHlTcXM5ZW1LeTZ1V21GWGRJWFozQ2tzUW5iN0FBRUF4SF84RHRQY2pwemlfc1ItS1g2RHdzNUNXYldHTlZBWnZNQTBqSzh4TVc3S1ZoeFJGbk5QRHFtbmFyRFUyeWljY1lxdEdnZVphdjBRS2QxUHRzb1lydUlR?oc=5,SBT News,2025-10-06 13:07:23-03:00,inflação OR IPCA OR IGP-M economia
Chico Guarnieri cobra diálogo antes de decisão sobre futuro da concessão de energia em MT - O EMPALLADOR,https://news.google.com/rss/articles/CBMiuAFBVV95cUxPUEpDX3RuUkRlUDJ3TWVscGJwZVBYXy1lbWFZTV9meWRNZHpveTZHMldxYXRZdko1aExyY2N4U0YtVFJIZHphem5oN0JWMEdDZW5PYUhMeE51aWxWcDRPak15eG5GYkxWQjBIRjZXRUVpV21HRzkxZ2dDREFsdzIxSUdvVzBkcVNUbmVKSF9ESTZkTS1EekREQUlSVEFDanktWkYxSVNfMzJiUXJmeE0xOGlIdmQwQ1NO?oc=5,O EMPALLADOR,2025-10-06 13:04:00-03:00,"concessão OR ""leilão de concessão"" OR PPP OR ""parceria público-privada"""
Galípolo diz que mercado de trabalho é o 'mais exuberante' em 3 décadas e prevê juros altos por longo período - Economia em Pauta,https://news.google.com/rss/articles/CBMi1gFBVV95cUxQanBhUlNsR0dWT3lOMngyM25PS2lDT1lVbTBkRmR2MkJQWUtuWTFBVXRkai1lUzQtVjV6bkVSbDVUd2tPSHRQQ2hqTldzMEQzSkVNVW0wOHVCRnZkUDc1NUlOUHFINWlNUy16ZTRnckxRbHVxYndCTFc3U2J6Tlg0cERVNDVJOThMOHBIUFZ3bjU3dktJR1MwZkVHRXd1czAxV2xmTi1UbjN4VFlHVGY2NXR6ZXpqU3FBQXhsS3dlUTA5RlppdjFoY3hPUy04N1QwaVdjLWhR?oc=5,Economia em Pauta,2025-10-06 12:59:36-03:00,"desemprego OR ""mercado de trabalho"" OR emprego economia"
"Em semana de IPCA, Focus projeta inflação menor para setembro - Economia em Pauta",https://news.google.com/rss/articles/CBMilwFBVV95cUxPaENMdnAwaUZnT2sycWxVWEhiaDNIYm5JeW80U0c1RUJuUEtPcmM5dVRUVnAzN1BwRGU2dnhtNjAwc0RGZHRFcjU4WW1BWGw3cDlRZm45U1JxVUhjM3M2dV9obEVhanFTbjF1QXFXZjFWLXpVSEtzdE8xMWdWOWlURW90d0RNYW5PLVBwRDdvQ2ltdjdLTXI0?oc=5,Economia em Pauta,2025-10-06 12:54:17-03:00,inflação OR IPCA OR IGP-M economia
Vale realiza recompra de até R$ 16 bilhões em debêntures - Folha de Curitiba,https://news.google.com/rss/articles/CBMib0FVX3lxTE1fcmM5UUZuZnVKbVZUSVRWc2VvYmIydnExVEVfbVctNWxxUXZxaVVxTlBpU3pXS0hnYzJHTlM3NVlXa3JBcVUzN2pSdVYwcWZ5M3hrRUhuODE3X0dPZEk2VVNBSnFNZFBoN1ZQTFduQQ?oc=5,Folha de Curitiba,2025-10-06 12:45:00-03:00,"debêntures OR ""debenture incentivada"" OR ""lei 12.431"""
"Vale anuncia recompra de até R$ 16 bi em títulos perpétuos, que podem render 52.400% - InfoMoney",https://news.google.com/rss/articles/CBMivAFBVV95cUxPUmJONk9oNW9zMEhVZ3lKWkhSOVRsUjRQUy1CVWZpaVNWaUZfa2xBbzU5ZG5vTkpDRUFsVS03RzhrTnlDa3NWWjBsMTROU0daQjdtRHJKRU9VRnBGQndXMWR6NlRrZnRxSTBPX1JCQ0pEdW1ic1BMMnJzSGd2bWYxRFI5M2RXNXNqVXFha2lOYWVLMW5KSHQ4cUlIc3pjYTRaVGhPUll1T1NWNjdZYTNjMm0zX1hwWFA2QjdaLdIBwgFBVV95cUxORmJTWkZBYld0SUtKeUVXZnV2R1lVX3dmTkhhVHFsd3pWRHBCY1BFMUs4SDN4bXFEcWNtUk1wUU1ZeVBhamtpUTFvcGFUUG9od2tfTG1WS0F6OUFHX200MUVLQlQ5Yk5pUlBNY2I5Y05YSkF5SHZxNE5udHI5SDR3WTJSVVducFZrZHAyaXJhNDBzODF3dkltby01NUlkY19KMFpndXMwb3MzTV80SlhMOGJXc3dWb2tPYTZnTU1FcV9FQQ?oc=5,InfoMoney,2025-10-06 12:42:57-03:00,"debêntures OR ""debenture incentivada"" OR ""lei 12.431"""
Vale (VALE3) anuncia recompra de debêntures por R$ 42; entenda a operação - suno.com.br,https://news.google.com/rss/articles/CBMihgFBVV95cUxNZTlCWW9BZFpsRUg3TGZucl8wNHNMbzRqdGg2dGswMi0yQWNSZDBVX0lZT2xoc2dZTWJoUVdVVURGMVNKa1lzZU16bm5RTmVjWW5GUTNzVDVqSkxINUw3LVFHOWljdkxhcnpac1h3X2JRdUFXMzFKWnZBcElhT0xIOE5kaERDQdIBiwFBVV95cUxPWEpoMDZLSVRPOGNWVUh2Q1Z5WHVIR1RjT3hSa0pad29KREppa1BzSVpkRFVHQTRnSURGMTZST29VUXBiY0xuS2I5ZlllcWUyb3JlLThCSXZjNldfdV9lVHpOUUJnZ2RUZFN2U0xIb2RxZTBERmpuRGFHRUxubkUwLS1JdnM2b3M1Mm5Z?oc=5,suno.com.br,2025-10-06 12:25:09-03:00,"debêntures OR ""debenture incentivada"" OR ""lei 12.431"""
Pix parcelado: Banco Central publicará regulação no fim de outubro - TV Zoom,https://news.google.com/rss/articles/CBMikgFBVV95cUxPSUl3ZEZtSUFUSGtZSXdCQUg2akt6eTMyZndHR0RtRUVTNzhHVVJKSjU1WUljdHRyd1A3UHFCZ0xOdEx6Q0FTczB5eDUtT19USHpQQ0VGTGd4dkRBcF9NSEZjQ0UtNFQ4aDBoSzNQU010LXlISHJKLU5pRzVCRFBMMEEtUmVNRTgyYm16M2gyUVFhUQ?oc=5,TV Zoom,2025-10-06 12:25:04-03:00,"""Banco Central"" crédito OR ""resolução CMN"" OR ""circular BACEN"""
"BNDES já aprovou R$ 1,3 bi na linha de crédito para indústria 4.0 Página Inicial - Agência BNDES de Notícias",https://news.google.com/rss/articles/CBMitAFBVV95cUxOWnRaTS1NOFpFOHphSTB2QmpqMTVXaXEyZWRJQnV0czRQVmppaHAtOFYybC14YzhvZlZzamh6Mms5dHJ1a2ZxTTRfeG1RSXVseFJlUnVkQ0owdHQwMTEzSjNzQzA3dHM2djJYTVY5NUtJMW5nRlNIRjE4VnVPNnJ4b1RDYVowS19DSGwzeDVjamVqTmFHSHJjLXJ5bWVNVjlpUUpkOFhEQkNDRnhBNVY4Q0tiVVE?oc=5,Agência BNDES de Notícias,2025-10-06 11:59:00-03:00,"BNDES OR ""banco de desenvolvimento"" financiamento"
"Cielo vai emitir R$ 2,5 bilhões em debêntures para reforçar caixa - Valor Econômico",https://news.google.com/rss/articles/CBMiugFBVV95cUxPQllRSFJFR1BmdU15bkstV1FUMGNWLWF1SmdkLWF6aVpudkJvZlp6U3pudGZiVkQ4X3l5TFlVR2ZPNlhRbXd1RFpRU01tcjJSMzVSUURta3BWR1dqNHpaYUNMV2JVcUdtMnNWNlRWSE96MWM2R2tKSC13cG5oSEQ0eUNLeDlINkVPN056SWtLeXB3QTMzUmZFY3lDZ1p5bURueGhxeXZyLWVrUDluVzZTLThxaWZYWTlNakHSAcgBQVVfeXFMTVpLRXRfRG85RnMtUzhlN21SMnNwWG1UWmprN3pRdFlCc0FuMlVucGlMX1NqaWQycXVUM1hrZmRuTWt0ZURybnViVHJVdXhtTDU2TjREd0NSdF8tWXFZMHhiakdQMHlyQmdJSGItVVg1MlllVmNZY3RHTmZOYXRpOTctWEZIZFQwTHNheVlrVlBHaWtyYUcydnJuYllvQ3ZFd1J3NXRQRzFlTWhxYU5CVl8xeGoxdEEwU2pSWktGaGJfM00xODVuQXg?oc=5,Valor Econômico,2025-10-06 11:56:23-03:00,"debêntures OR ""debenture incentivada"" OR ""lei 12.431"""
Oferta da Vale para aquisição de debêntures pode chegar a R$ 16 bilhões | InvestNews - InvestNews,https://news.google.com/rss/articles/CBMisAFBVV95cUxPWEZTejl6dXV6ejY5WGlLa2JwUGk4czB6MmxYSEVDYXFGV3FNLXpORVhSQVAyZ3cxeTNCc2dGSWh5ZHFKc2gyUTBuM2ZOempfZ1JGbFJteEdtT1FxS3NpeWNmUGlRaFJ5SDdEQjlCUXhFTjF0N1d5dWlEMWpHVk84TGY0ODMwbUVsMS1OMl91OW9scXZaS2FmM25rb2NJSGg4eXhIOTNaZ3Z5QjQ0dklQYdIBtgFBVV95cUxOZXJxaDVlaWs5TTNjX2UxQ1dxa19POWNUZlBValZNTkN1MDNWaE5RYXRyaFpwQWVySFdBZkRYUDV2TlQwRmsxZTk3Q2NTdUdWM0M3SGxYWGxRLU1oZUd5a3pTRWpwVjhyY09hYkdFdm92ZURTdnJ0aHBRVUZtekFiMzNhV0lnZ2ptRU5xWEJCX1Rmb3dNUTZrUVJuMFoybzNmUVU3cnBjYUE1bWEzYlFJWUNwelhvdw?oc=5,InvestNews,2025-10-06 11:50:06-03:00,"debêntures OR ""debenture incentivada"" OR ""lei 12.431"""
Nunes sanciona projeto polêmico que autoriza a venda ou concessão de áreas públicas em São Paulo - CBN,https://news.google.com/rss/articles/CBMi6AFBVV95cUxQWlJ2RTl6QXJMaHZwZEY5WklHTlNxSjRiSV9vVk5tQzhBM3NNZ0I5RkhlR2VNZ0tFVGpCRnJJZDFfVWtnODhWd0t2am53d2kyU2g2OUc2ZmtrVE5TaGNaY1lTdVoyc0xFNno0OGRXMEUyLUN5ajdqVTNmdHhoazJXRUFhLW82cDVqN2x5eEgxWFVTRnlFNnRkdngzeDE5MmhYeVZCNDV0VUQybjM5TUhONDgwdy1kSXBNOU9lRXRVN1pLUXlneXJhckdZSWtkdXVfd2dRSTAwSXlvTVpCZ09ISVdOOFBOQzVT0gH3AUFVX3lxTFBCakxtZ1EzRTdfVG10WVBUWTJfTTRGZEd5Skh4b011NUNlRjExRzEzejhMOTJmSWlFMVNUTGY1TFBuV2U3ZUkwNzF0Y1Y3ZzI5eWJ4NUEwTHNyMUhxUUpQMlNVcU5DdTE2QWxHb2dYUXd6TU9Xb3drc2NhV1JZYkRrejQ2Q3F6VDZWRU5jbGZJUlE3VEM0bXJ6TlFpVWJPa1lRLWk2NW9TaHNzajBkczZGa0RBWTFqc3ZQYS1WOUdHV1NLenluV05nNGxrTzEtSngybDZabDBKeGtsSkttRXVQWHkzVWxJMUpwZmk2NXE3ZFVtS0Jlczg?oc=5,CBN,2025-10-06 11:46:27-03:00,"concessão OR ""leilão de concessão"" OR PPP OR ""parceria público-privada"""
"Por que a Vale (VALE3) pretende desembolsar até R$ 16,3 bilhões para recomprar debêntures de quase 30 anos atrás - Seu Dinheiro",https://news.google.com/rss/articles/CBMi7AFBVV95cUxQOV9iT1JjamtNS2RDb0EySU1KVHMwVHltMU1ScnFjd0s4eDN4ZVF1eHZsVlRNenJCeFEwN3hmRjhncEZIQVNGTk1pZ1hvYml1TDBRLWZmZi1QU1R5TUFRUTcxZklYOEdSbFBYQmhWVU1vX1R4RTVySjFKbDh0RXNHZXlicGdrM3BvclQzYWE1T0EwSzBxcXNfVVFpUThndWQ3TXQzXzd0eXMzYUdwTjgzVWdJTzhxYmpBcHpqX1ljM2VwZzNFdUVIWERBSl9oY1U3RXlnNzdyX3d1RWNfcmVHalpKUVc3cjB6QWZpa9IB8gFBVV95cUxPbWRteE42TDkweERTdkFxMEYtSVQtSTFMeGFOSGZ6djRLZmFDclhsVnN1Y1B3T2oxeUM3R3ZGbDBnaUw3Wmo0MHo3eG9RSG5rQ1VacnpNSHFBd053Nl9reVE5R19TbUN3aGVab2JPbk8wZ0lVUGhRVWM2RVJlcjZtTnZhakxyeDN1Z3pDcFlqdmoxa0JVUGVobVNtalVvWU4xcGNDaC1WSWhkQVNKNjZKUEl3ZGtab2VoS2tEWWNlaEk2ZmlxcndsWGdlUU9tbUZqWk4wTERJcUJvWnFSUm5CRzU5TWZkRWdFYTlkZXQ2MUZOdw?oc=5,Seu Dinheiro,2025-10-06 11:35:04-03:00,"debêntures OR ""debenture incentivada"" OR ""lei 12.431"""
Vale anuncia recompra bilionária de debêntures antigas - BPMoney,https://news.google.com/rss/articles/CBMiqAFBVV95cUxOUGxFaXh3REZfRzk4ZlhUNXlzVlhuSXkwUk0zWl9zdjhFb2FaUkp5TG95aXBISTFPc2JOWkpTLWpFTHVsbXNMVDNaUms5cUtWZjdxWjZvUzZRSC1TRkVLbEJxanRhaUZDelNzOUI0Rkg4S3BZSVZ0N1JoZlZjVndaTlppd3RPWnVWOVJQM05kTmFKWVcyX1RBR1hpZHBBN3hzU2s1aTluUDA?oc=5,BPMoney,2025-10-06 11:32:49-03:00,"debêntures OR ""debenture incentivada"" OR ""lei 12.431"""
"BRK Ambiental deve captar R$ 1,5 bilhão com debêntures - Valor Econômico",https://news.google.com/rss/articles/CBMirAFBVV95cUxPNUNfcXBUYk9LWVVhNW00b1BXUFJteXpVZDRNSDVFdEFRcUtKNWh5bS12WnFDNHQwOHMtRnpITkVXejg1QWdSdC1iVTNZLXpoWHdyUHFDT3NNdm1WdlhLMjNEUGpYRjQ1dU5EVDNLeDlkVTdhTUJkWERzY09jd2ROVVhVd0tCSmxIYmM0ZjY3R2hvZHFjSXR3cEgwdWZ4UXl5eFpBSnMxTFlDRWFr0gG7AUFVX3lxTE14Z296Yml1Yk81RVVKTU9wdHkxWWhHMGJVdGVzZjdYWWJmSEdnRHNkcVZIdWN5NDgyVl96T1hhZWRPdGYwNEtrS0ZkWWZNU1prcUhuZXF5X1BxeGNha2pOQndpZmxvSTN3dm5UbjF5bnF6R3JjODJxY09GLUdsejRKTm1aVHpDLVoyUmFwTUFwLTVHMGdpNVF0VEI4NXVGN18xNV9YMEdzZ1ZHQVZxaWJleTRFQ0g0NzVvYXc?oc=5,Valor Econômico,2025-10-06 11:29:10-03:00,"debêntures OR ""debenture incentivada"" OR ""lei 12.431"""
"Uranium Energy Corp encerra oferta pública de US$ 203 milhões - Investing.com Brasil - Finanças, Câmbio e Investimentos",https://news.google.com/rss/articles/CBMitwFBVV95cUxQWnNmbUVEZ0p6UGxQdVN6UDd1Z0puZUk3ZmZ0VzF2bEh6OUJkZ3hXM092VkVZd0MtTEVNWHdXY0l0YWFac0hMNk1GclZHcGMtbG5nQ3V4a0VSY3RpV3p2M1d5MC0weDk4bHd4aVh3Mk92NHlaX2Y4NGxwUGJCNE1DWC1NZ0hmUjNnOUpEdDZSS05BZkloZFhBSGV2YXFRNjF0YTdwLUt6UlRoejZwU0ltNHFyZTZBWm8?oc=5,"Investing.com Brasil - Finanças, Câmbio e Investimentos",2025-10-06 11:27:00-03:00,"""oferta pública"" OR IPO OR follow-on OR ""emissão primária"""
"Vale vai recomprar debêntures de 28 anos e pode pagar até R$16,3 bilhões - Vero Notícias",https://news.google.com/rss/articles/CBMiqAFBVV95cUxOU1dLNU94LXNPUGpLT2d3YldrN3RQQm8xVWIwMEE1VEh0NlFRMWZmVF9vdlhKblZiTFJqcEJuTWNNeE16OTFacmdhLXJaUFhBN0pKRnl5RTJWRVRoUjFHQzZlWDBCS0VQZ2wxcGlPeVVEbzJEN0xEcExzSW00eV91U1lfSXZGc2RvaWptTmJ3NUI0Z0gzUGtYV2k4QVgtbFJ2WENvRUFfWU8?oc=5,Vero Notícias,2025-10-06 11:20:00-03:00,"debêntures OR ""debenture incentivada"" OR ""lei 12.431"""
Novo crédito para o Agronegócio vem ganhando espaço nesta safra 2025/26 - Notícias Agrícolas,https://news.google.com/rss/articles/CBMi5AFBVV95cUxQWjZmVUtuTnVvSE5rdmJLbkxLX3FyOWtUMW1FaGt5cXg4c1NUZjkzd2VFRUhnTllpU2tudU5DQ3BTYXh3djB2eXN6NUkzcnJRb0pKVGZ3dW51aGtjaldCT1IwVC1nTHN6T01aNkpGTDJ0UnhqeVRnS21kamhqQzBRS2V5SG5FWHVEbjBRU2htME5QRmZ4UEdHOVVjN0R5eTBmbUFob3gxR3A0TE1ZNjlpenh3NnUyeXRUVmVLV0xtcnh6aDB6aW9qSHduRWFqZnBhclc4dE40RVFVX2MzS1dKdWd5WnLSAeoBQVVfeXFMTVdhRlJMM05ZMGVLVlVDWXdpTkdXNkVqVElHaHJjX2M0UjAwM1k4VXBWak1xcnpDX2ZRSllRc0hsN29HYTdvSmREVDNGSF9KeDdIdlZldno0SVYxQUxFX2FkVml6dTdXdU1kUFVEbk5ISzlYM3VvTmJaNGdHOTFrbUtETWs1YXNfVFc2aVk3b1dpTTZGU1dYU0tyeG13Rzd4LVpLUHBYalBQa3JSZFlHbmplWXFCT3RaRm0wRW5kdkpKdzVscGFqVzBGT19kM3VxOThMazJmWHEtdDRRT3ZqYnFrcXQ1UWx2Nnpn?oc=5,Notícias Agrícolas,2025-10-06 11:14:09-03:00,"""agronegócio"" financiamento OR crédito rural"
Vale inicia oferta de aquisição facultativa de debêntures participativas - Clube FII News,https://news.google.com/rss/articles/CBMipwFBVV95cUxNVUJyNi1xRnFaZFh0REgwalpZbnV2VUZ2aGpUWXVHTFF4OS1MOXNScHVVNUs5Nl9EZ3JjMWZJVzBpQXZVeFVwV1g2VkJTQ3JTNm4wWndHQlV2RVVHcWFrZ0RJaEgwSTRhdGdZRzJzeXlRRWhWcmZ1UHVTMDRmVVprRDhTeEFVMEhscDFVa1hHcjRleGl6Z05tS1dSWDl1eGRscDNKdWRPSQ?oc=5,Clube FII News,2025-10-06 11:05:46-03:00,"debêntures OR ""debenture incentivada"" OR ""lei 12.431"""
"Boletim Focus: mercado reduz projeção da inflação para 4,8% - Agência Brasil",https://news.google.com/rss/articles/CBMi3gFBVV95cUxOMWozRTVpand2aFI5ZFZCV1lJY2x0ZXRxcV8zYm9UOElWUFZxb0MySE04cWhjQmltTC0zMFY2QVlwS2VGMEFnWjd1VHhTcFlQRnRxY1g3bW1Ia2kxMk5Hekw2YlhISGdFT2pLVFU4cy1xUGcxTHBJeldwQ3lncVRaOVM5T19fTDRqZ3dqYVhvMlRLdU1UQVVNa2JMVjFHaWhyZGJ3NEhSYS1icEI0dkRHQjZua2prVmJYU3c3VldnUnlmaWZTRVN3ZXJIX2RYTF9LWWFTa3M1enlmWXVPN0E?oc=5,Agência Brasil,2025-10-06 11:04:00-03:00,inflação OR IPCA OR IGP-M economia
Prio precifica hoje emissão de bonds de cinco anos - Valor Econômico,https://news.google.com/rss/articles/CBMiqwFBVV95cUxNTkx2Y0VyeUlKNXJzZkhSbi12YUFULXloSXJqVnQzV2QtTnFfbzNPU0VsWlVYLVFfODJyazBqclFMNndrajVjcEFBR21UNWV4a1ppVjVUandmLUtXaDBZWmhBQzk1dnJjZTFadlF6M3B2ai1URTFzV1pXRTFMT05oSGtLTHhjSWx1bjBJNTdNOHhCcm53VnVHUDNsajNjVzlTamloWW5MT3RsVWfSAboBQVVfeXFMTXpzdHNna3hvSzdUTmxkd3VZb1VNcmhpWlJqZ0ZfTW9RbVFuYXcxTzdrOEZMSF8wNm1MMzhBTTZHLW40M18yUUp4RkdzWl9BMGhlMU05YjhMLWQycl8xd0RTTXh1YjlUVGE1VWpRRXVLVUNkc2E1S0FwOW40Wks1LW82ZlY4NUhZVUVHektDam05WHQ1bGptWHFnMTRJOERSZHNOaUxneWFtVkFtRzlZMGpRRXF2Y1MyOGp3?oc=5,Valor Econômico,2025-10-06 11:03:08-03:00,"""mercado internacional"" bonds OR dívida"
Vale inicia oferta de debêntures participativas em 2025 - Acionista.com.br,https://news.google.com/rss/articles/CBMiiAFBVV95cUxOdVJCWk1Zby1mMGVVdC00X1VUUkhXSUF3MTIyc0NIdEVsbUUyRkxiQWdrLXNxU0k4aTN5ZEFlWmYyUTAtc0Vkb29NRXdjQ09TcHN0TVBPeHVDdWVNQmp3a0M0X0hwUnV2a0lkajREQU5rS1lXem5wbGJ6cHdyMjIwQ0NNd0RQOEJB?oc=5,Acionista.com.br,2025-10-06 11:02:22-03:00,"debêntures OR ""debenture incentivada"" OR ""lei 12.431"""
Vale (VALE): Oferta para aquisição facultativa de debêntures - Acionista.com.br,https://news.google.com/rss/articles/CBMiiwFBVV95cUxQUXBFRHBGenlBR05HdGJOUGRZRWJCWEZNNmJkcTZzWE9HZ2Fmb2xUVFhhbUlNQjZpVWt5NEpHaUl4LXdRZlZCLTd6RjhQQnFlemQ1dHRaYlZvcENrdGRsNmdIcy0xX1M3RmNydHFKSjNTLUkzelF3Nm85QzRNMkJCbnF5QVlfbUpvV0RB?oc=5,Acionista.com.br,2025-10-06 11:02:22-03:00,"debêntures OR ""debenture incentivada"" OR ""lei 12.431"""
IPCA 2025 tem leve queda e permanece acima do limite da meta - noticiasdoplanalto.com.br,https://news.google.com/rss/articles/CBMimwFBVV95cUxQUkdMZ25SNE9kWTNqVlhzSndvRzlyTGsyNWpSbDdKay1tZnJ4czNQZWM1WDFuQzFIUjF6ZjhBcEsyRDY4Y1EyQjB4V0VGdjFQQTZqUV9WRWRCOTNmZmIya01sN3lwU1h4Y25zME9rYUFNYm1QNHA4MGRoYkpSWEtqeGlXc3JmcUtDNUl5aHRmbHozcVNURVhvQ25Sdw?oc=5,noticiasdoplanalto.com.br,2025-10-06 10:57:55-03:00,inflação OR IPCA OR IGP-M economia
"Expectativa de crescimento do PIB para 2025 é mantida em 2,16% - noticiasdoplanalto.com.br",https://news.google.com/rss/articles/CBMimwFBVV95cUxNbldRcE1ESmdnUlBWU2tERFU4QmtiRGVRXzZEZDM0S0RuZktRUVVzNnFYR1NpUjRTQzJJV2ZvV3YwSGdBT3lQaWZiMGswZzlqREJYQWEyNGpicWx1X0dHTmZqV2poUkgxb2lBaHpBU3VkWVA5SnJHQ1RTeDRMZmg4d05MTTk1eGs4MGxGbEdwaDRKbDVTcTdsQnFuYw?oc=5,noticiasdoplanalto.com.br,2025-10-06 10:52:34-03:00,"PIB OR ""produto interno bruto"" crescimento"
Estimativas para inflação e dólar recuam mais uma vez - Canal Rural,https://news.google.com/rss/articles/CBMimAFBVV95cUxQQ3M4elEtNGZjVU84dVM4YTdXY3FrVnJjR1YyXzR2b1VxTXVZTklWd0FINXJ6emNlODc0Z3JBQWo4R1ZQbnV3TFJuY3ZjNFB3Nk9KY3YxM2VONFFYLTVfcUhqc3lvakJENEJmcVVsdzJZb25JRHp6ekl0bmhXbDFvcTZXdkpJQWRkU2ZCbTNFMTdSU3hMelNCStIBmAFBVV95cUxQQ3M4elEtNGZjVU84dVM4YTdXY3FrVnJjR1YyXzR2b1VxTXVZTklWd0FINXJ6emNlODc0Z3JBQWo4R1ZQbnV3TFJuY3ZjNFB3Nk9KY3YxM2VONFFYLTVfcUhqc3lvakJENEJmcVVsdzJZb25JRHp6ekl0bmhXbDFvcTZXdkpJQWRkU2ZCbTNFMTdSU3hMelNCSg?oc=5,Canal Rural,2025-10-06 10:42:21-03:00,inflação OR IPCA OR IGP-M economia
"Renda fixa hoje: veja as melhores taxas para CDB, LCI e LCA nesta segunda (06) na XP - InfoMoney",https://news.google.com/rss/articles/CBMid0FVX3lxTE41ZkdsZkF6Tk1fckxzUzFiYW5BTVJpQlJOUTVHRmpxem1OZExiekwzT3UwV0xTMVRLRnRaQUZyWUE2NHhjaGVWZWhxdWpqLVpsU0VhSU1MSUxOSm1BWDFjUVhjbC1QV0ZPVVhGLTE1RzJQLW1GUVBZ0gF8QVVfeXFMTnJ1YUF3Q0p3QUU2OUZKMEkxMUtZbzBsaXFiTl9Bc0pWVy1mQVlpRFFNcFA3RTdVa2k0c3JzRW1kdF8xVXRSSlRlTDVYVWxRbGZ5bUhPeS11X3VSeEVSMTloTGNXd3llVXdNLVo5VG9MdFVHd19UVkpReElqcw?oc=5,InfoMoney,2025-10-06 10:35:52-03:00,"""letra financeira"" OR LF OR LCA OR LCI"
Vale (VALE3) anuncia recompra de debêntures da 6ª emissão por R$ 42 cada; veja os detalhes - Money Times,https://news.google.com/rss/articles/CBMivwFBVV95cUxNNGdYT0NmX1JtUTF4ZmtGUDNIRkoxbTlqcml5d1ppTGlPS2tUdm82cG0zREpMX3ZMek5NRTh5LUp2TnZsQWNhQmNkVUJtdFB4VjFMN3lIVmVOdF85TU9Da3VWTE9aQkVtdzF0MHB4UHhVZXl6Yk1iT2dfUkphbjF3bGlLblY1RFBVMzFwV2F5Rmw1aE5KaVRHeXRHXzJ5MHZtUVJ4NXU1LVVYSHdCRk9Ob2FUa0ZpaHEyOXhjMC1fa9IBxAFBVV95cUxON3BxZTFDOTBSc0lkRUpWTlZFQzVuY3ZqcTBoLVoxRWgycjhsdXc3dXZKeFhnLUVjR3NHVWtyYjd1QzZQWFJnaXNNWTVGdlF1R0t4WGRpNjVFQkFXcmNQS1hDdGtFb0ZxV0YtWWVwaUxrVjh6V2Z4dk9zV1UxZld0dmQwRGR4clBtRENQR0VyOWVIaEZqZXNZcWhIcm5TX3FaNXNTLUFfZ0gyTXN0SXJCN0lPUmhOdHJzUGtRVktfQWhtRVdR?oc=5,Money Times,2025-10-06 10:17:00-03:00,"debêntures OR ""debenture incentivada"" OR ""lei 12.431"""
"Projeção do Focus de crescimento do PIB de 2025 permanece de 2,16% - Notícias ao Minuto Brasil",https://news.google.com/rss/articles/CBMiugFBVV95cUxQZExzZ3FGRk1NTzNkUlA1cHQ4d2Z1dG5PVVBWVUppdlpfYTNVWUNUZ0FCUk9xVlE0TFBGN3BHU1BfZ3BuUS1CbUlZT2tjT01yUGFlOWc1N2pGUWgtems0NDgzRXdzNE84Wk5ZUTNkbjZyRU8tUXN5NzdnQ3RoSWRRMkpQa29CT3p2N1NPMzVBMml1QnNfaEREOVJEbnJNTEY5eFRqanhuTVhSemhPWmZWanJrMTRneDJNcVE?oc=5,Notícias ao Minuto Brasil,2025-10-06 10:15:14-03:00,"PIB OR ""produto interno bruto"" crescimento"
Arteris vai emitir até R$ 750 milhões em debêntures incentivadas - Valor Econômico,https://news.google.com/rss/articles/CBMiugFBVV95cUxQcGI2eW9zRHlRMllxdlFzaTF0STdmSmpKa2ZJYUFYQVdSS3hzUW0tUXlLeExfekR4WnhRcjJMelBHclhnWHExbDNuR0wxVXF1REx6c3pveG5qQVMzQWRUemxfMEstb2NQX3h1WVJ5OEZLWjNmZXB1ZnlKRHpQa0FtMXJKVjRDYTRMWEY3cm84Um9QZS1TazdndHFUWlptXzd0Y0dmWW1IU3BjSjI0ZzVudWxKbVFWMzBnLWfSAcgBQVVfeXFMTUx4cElJWmhPR0g5ZUtqN0szV2phU0lqc1VWaDF5VWw2cjNrN3lnZURKcGxqOFdGOFM1WVpEVmJmb21ibDFMQWRPZFoySFdIeTdEMFBsMXo5UG14SHA4WHVpVklKZnZ0aUNyVGhQYVBQOVJaSmRXcHNBTXp6N0JEWThfZGNVTTZWNDh3aXNTMGg0OFdWY2dudGVkY1hKV1p0UWJNVlB5TG12Q2lXWjJMN0U2V08yNDhlVllPYjljcjlwY1l2ZWs5VVo?oc=5,Valor Econômico,2025-10-06 10:13:50-03:00,"debêntures OR ""debenture incentivada"" OR ""lei 12.431"""
Roça Cri-criativa realiza espetáculo com yoga e música para a primeira infância - GPS Brasília,https://news.google.com/rss/articles/CBMid0FVX3lxTE9QN2FHbUwxQkUyekZJXzB1RG5yWlVtTUxfQnRSdXBCalNCZ2JLM3VHSVBtR0lGX1V1c3k5elcyVHhBNGpSem5ma3FOTTd2ZE83aWVzX3BCbDltZzU0bEloMjcwVGlkcjBqWDF0NDlkaUxLNklXbkdV?oc=5,GPS Brasília,2025-10-06 10:13:18-03:00,"CRI OR ""certificado de recebíveis imobiliários"""
Vale (VALE3) inicia oferta para aquisição facultativa de debêntures; veja os detalhes - Estadão E-Investidor,https://news.google.com/rss/articles/CBMipAFBVV95cUxNby1PS1pvRVZOSUY2UEhuZTNEZEp5MzBWclFZLUJ2Tkd0bjh0ZHBzN2xWSV9Ib2RoOUtpRkVnLWx1ZjE3dThDM25BR1NpZmYzN295VEtRdTFablM1OEphOHVrUmJ4OU56cUIyS2Y4NjNXVVdZUm9UZkp1QzFYRHRTMUU5a2VpM05iUm5OUTM0NUxnRXJ2ajZnUmNBR0doYk1Sck93SdIBqgFBVV95cUxOTmhDV2IyYnIwRTNYUFpzLU9qcVg3R0lsNGZoTDhLWUNNeUd1clJ4TklrczRRdnJ3bmxCSlE2VUx3aTlRWVZnT1oyS1VUVnhiRFFuWDB0eU1WdmxnU003M2c0WGh2aUVwRXBSRGVxUVNrSDVabkRsQWJuWGl5d1I2aVpfMG91WGgxX0dNOFlLcjZyYjdKWjJ6TG9NWGNwZ3BSTVJmNy03WDN4UQ?oc=5,Estadão E-Investidor,2025-10-06 10:07:24-03:00,"debêntures OR ""debenture incentivada"" OR ""lei 12.431"""
Debêntures: alteração no cronograma da nova emissão - Acionista.com.br,https://news.google.com/rss/articles/CBMiggFBVV95cUxQdnU5U202UjlhaUdKX3JibjBXa0FWWlhaUUM1NWQyVFUxWVpfWTNhMHJGRjhQOHB1akc0NFhLWnJfMGRiVUUySGx4RTd6ZW52R1Z1RUhDYUVOdS1YX2YtQ1E0UWJ5ZzFvckVBWnJONjhRVmlzWVktbVVfVk9NV2IzT1l3?oc=5,Acionista.com.br,2025-10-06 10:07:04-03:00,"debêntures OR ""debenture incentivada"" OR ""lei 12.431"""
"Mercado financeiro reduz previsão de inflação para 4,8% - Agência Brasil",https://news.google.com/rss/articles/CBMisAFBVV95cUxQWmhBTlFpanVSQ3J1WU5UanRScjRxbXBoU0xwNUlsOURiWDI2b08zUlYxWEZLbnl1UWZIMFhuaDdScnc2YWJXVV9EcjNhSlM5MzdrbFNONmlfS2RvSnhCSXJCZC12YnM1LUdTbVE5YnhMZ1NJbENCcnQ3ZEJJcVhhNmZHUDNGSTcxZm1COHVqU194T2dPbEd0SmRibmtuSlZieTg1TDZWZGdFVHVLUUlaSw?oc=5,Agência Brasil,2025-10-06 10:06:00-03:00,inflação OR IPCA OR IGP-M economia
"CCB: 50 anos do Teatro O BANDO no CCB, teatro, exposição, lançamento de livro e conferência, 15 a 19 de outubro - e-global.pt",https://news.google.com/rss/articles/CBMizwFBVV95cUxNMW9zZ3Yyd1oyZUVYN25sczNrNGNQRzNCNnNEUXBMS1VMWXcyVGFEUkh5WHdrR3lLNXZLOWpCQ0JORFowXzJSWkllUUlCUk1GNnNHeEhKV2prZVRyR3J1d0VxdkozVjdXQjBCOUt6akdFdTdkSVdhQk5EajZ4S1FTVGZLRGhoZVlsUllSUWxXcURuVnhOUi1JWVpXOFFvX3Y4LVZMN0lKUDlWb1pMOWhNZGRPUzA5YkdSMjRzQVNZZkxOcnFFZ3BEeHRoTXBLNm_SAdQBQVVfeXFMT3VITmZXcDVmRnhRdG9aM01oUmx1UF84VnVNWERIamZBWmtVRUQtNVhlTmFBZUpvdGg2VEE4ellPaW4wcUJGWXRxRF9XcGJZTkd6SXpDSjNDOERBQnRSdF85UDcyWmJzbkdNUkktVGdQcUVzc3ZFR1pwemtJTzhZQnEwbm1JS1BjUXJnR2tFemtlYlZQeEE1WWp5Mm9kOWZTOVRQTTBBUlU2RjdETTF4aGlIcTJPQm9XdWNEQUNTaFA4eFZCejRMdzZWSEhfYXNVR3NUeWE?oc=5,e-global.pt,2025-10-06 10:03:43-03:00,"""cédula de crédito bancário"" OR CCB"
"Mercado reduz previsões para inflação e dólar em 2025, aponta Boletim Focus - Piauí Hoje",https://news.google.com/rss/articles/CBMixAFBVV95cUxNSW5oRHptT3JmM3hPckxqRDE5VWNoaDlZM20xbGVkUVpmdE1RMTZiM1A5MGVrWDFkaTVJSTMzRDVXYk85RlV2WjVOdGw2N3plbkV5WVBDVWpvSHdyRzBYN1pYR0dVZU5qNW94d1NNeEZKTzQ5RWUtQURiQmZHQUVjT2RieG5vaVpYdWhwNG9Gd0t3YkE2SGFPanF1Vjh4RkNJTUl4cHcya0t4eHlzNWJna1RNYm9VbDJkZnR6QmhwX04yNXot?oc=5,Piauí Hoje,2025-10-06 10:00:40-03:00,inflação OR IPCA OR IGP-M economia
Boletim Focus: mercado reduz expectativa para inflação e dólar - Rádio Itatiaia,https://news.google.com/rss/articles/CBMinwFBVV95cUxQb2g5MWd6OXdnVWlQV2hETzJZemJ0RllwekNIQk5KLVRxeFdXZDdUaUtoRWM0SnFxcnlJY2dkYzdjUGc1c0luNUNSanl3N0FOeS1aZk5wUkJmUWNfb1B3aV9wVGdsNlRsdzVLNE5oYVB0NWd6akU5ZVJ6Z1VPbWpjSkZ2bnZnZjhzVHRNU09fYjJIN1d1SGZOSWp5THFEQ2s?oc=5,Rádio Itatiaia,2025-10-06 09:57:45-03:00,inflação OR IPCA OR IGP-M economia
"Vale vai recomprar debêntures participativas emitidas há 28 anos e pode desembolsar até R$ 16,3 bilhões - Valor Econômico",https://news.google.com/rss/articles/CBMi0gFBVV95cUxPcVBxLVQwZzZ1dVNWNVRYUkR5WTF6RnFKMWNWVVhhS3VmTmphTWRuX1hIVUFOWXVnczUzTFoycGJ3UHktMVJOZl90VnhOSVhmdlZlOVlBNEIyaWRqc3pnUURXU1F5ZVNJMm1WclQ4a0llRFBCenpaV2I1SXNFNG9ObGZXS2xqQWhsaGVQS0xzd3VRVWt6SmQ3ckhETkJuWU56RGNiWTVFazJ1WC10ZmVzSlNET0hqZmlhaS1yLVB1T0hjTjEtVkk1Vjd4Z1RoRm1DYmfSAeABQVVfeXFMUGhxc2RLWjFMem03RFBJSUh4bFAzckFxcW92aGVjblpFNjh1MENMZWtyaGpPNXpoLWIweUhZQjZPUmxhWkZjLTVaSHJOMHhZVkR5RjF3ZXdpc1ZLZVJKYjJMaFV5QTU5YWdGNWxQWElFVG42V1dIbFFVOFhiRUpQaXVzZmdTZjZZS2VJZ0d5QUZhTHlpR1A0YzZ0MEZkeXVYZDNSN3NZT3BIUS03YWdfTGxhT3VMVXVGcnc5aGo2TWdZYjdTalY4WGFtZl9fcTh2STlnYzhmUFhFcEhnZWctOEg?oc=5,Valor Econômico,2025-10-06 09:51:40-03:00,"debêntures OR ""debenture incentivada"" OR ""lei 12.431"""
"Mercado: Decisão da Opep+, Debêntures Vencidas e mais para hoje - Acionista.com.br",https://news.google.com/rss/articles/CBMijwFBVV95cUxNeHU2WE5zNHpLZE80LTZyaWxHMmZOa2t5SUlxZnd1U1F6NTNvZVpyOXJyTE1JdllVaW96NlFfcEdUN3g2UngwbGM0bFNmV2V3eGxEQ25LM2JuVUpXTUM0dkg0dG90VElSdG8wam9sSlhfNW5VWmdhWGl0SVEybEE1YVQyQXhIQU5UMlc5WWFBQQ?oc=5,Acionista.com.br,2025-10-06 09:49:58-03:00,"debêntures OR ""debenture incentivada"" OR ""lei 12.431"""
Vale (VALE3) informa início da oferta para aquisição facultativa de debêntures participativas pela companhia - financenews.com.br,https://news.google.com/rss/articles/CBMi2gFBVV95cUxNVVNIb3pBUXJ5cjhpc1ZMS1l4N0tpZjF4S1dkQzJfWUJadjNHdlNxczZ2MWZJZlBNaU9ZMGZPbFo3bXNKUGhWRmpaaUJBR1JjRGh3T1lJZld0Y0FSNzRWX1FzaWRqQVhqaHluajdGQXA4MV9uUGxRT3o4V1pTWGJXQlEyUll5RHoyNjlkV2d2d2YxenpiQjlMdWVUSHB0NlNjUHFhM2t2bGJMRGlCbFlISnhtaEtuSjR2azlYTERkcmtPU1N6cnlMRE9hcE9iQWdCOWt5U0xhX2tpZw?oc=5,financenews.com.br,2025-10-06 09:46:27-03:00,"debêntures OR ""debenture incentivada"" OR ""lei 12.431"""
"Pernambuco reduz inadimplência de aluguel em agosto, mas índice ainda supera média nacional - Rádio Cidade 99.7 FM Caruaru",https://news.google.com/rss/articles/CBMitwFBVV95cUxPVjc2ZlRCQzhNQ2JDejR0dVFyQ0FEWnFCbU5NZnBWNkFWTEdqRzUwbjVpd05WcUNRLXVGdGhiSFVScm9FdHVnVDJ5cm9BczhnM3h2TG5VS2xpNDFrclY5X1JULXBJdzZJcEZZM3prUndnOGdIYjM0SjYxY3JwaVBFcXpLMmZiTDRjTWRyUFFJNF93dGpRODY0VnE1OXNkOU94cmlPVktYMXdCd0J6b0ROZDNYdlh4eU0?oc=5,Rádio Cidade 99.7 FM Caruaru,2025-10-06 09:39:00-03:00,"default OR inadimplência OR ""covenant breach"""
"'BC acerta em manter juros para atingir meta de inflação', diz economista - UOL Economia",https://news.google.com/rss/articles/CBMitwFBVV95cUxQQ1FKeTlWekZRcEpsUWw4VWRHZzNnN0xpdXk2MWFkSHdyTGpiOEx5bFhhLUxIQjlxdUJMYXpzdXZkS3JUTVVqc2dzSURwYk5DV19sSVdkeDVSNkRwNnR0RFRXa1JLUk1CaHo0YThWOUNXOXNiZ1V6LV9aVE5SNFBSS0JOUlc5RFVUMlF3TFkwRVlycGFsckE4d1cyeGFDcUIxbWQ4aHo2NHhmT3hTVFJNc081U3M4RTg?oc=5,UOL Economia,2025-10-06 09:33:17-03:00,inflação OR IPCA OR IGP-M economia
"Déficit primário de 2025 passa de 0,51% para 0,50% do PIB, aponta Focus - Jornal de Brasília",https://news.google.com/rss/articles/CBMiuAFBVV95cUxNS1VIR21jM0hnbXZMbUdGS1AzWDVTSnpVMEhqT3dDcnRoNGZhVEwydHY3aDUzeTM5cVZ0anFmVE5NNkZQM1JPODR3NVU4RGdHRnU2MTlSaTlzTUlweHctS2FfaDJ6Z2lDcFR6TVdqc01KY045dGVnMmhTNEFWclJ0RFFUbGZ2aDZudWZkY2g1elI4dGdFMExsWjBweEFtVDZpRVc3Q2ZrUC1JU1ZEZWVaVGJ0endWZmNB?oc=5,Jornal de Brasília,2025-10-06 09:22:00-03:00,"déficit OR superávit fiscal OR ""resultado primário"""
"Balança comercial registra superávit de US$ 2,16 bilhões em setembro - Vero Notícias",https://news.google.com/rss/articles/CBMiowFBVV95cUxPMFQ0TlNiM3dZZi0xMndxWFNIMU84VkJBeGFlTVlHeUI5YThCY2N1M3k4aGw5cnNaQjM1RUZiSHJtMnh3TGpSUEdFM08tRjdNSTJQSk50MjVWWjY3aWpnODE1TEhSWGw0QjRmdUladEdHZThvd2Viakw3XzZoN0NWYnc0LUs4VVYxTkV6ZU1SZTFVQ3lCS19KdVZjVEZyQzNQREk0?oc=5,Vero Notícias,2025-10-06 09:20:51-03:00,balança comercial OR exportação OR importação
Focus: expectativa para inflação em 2025 cai pela segunda semana consecutiva - ISTOÉ DINHEIRO,https://news.google.com/rss/articles/CBMidkFVX3lxTE40a2VQb3hpVDFKMzJfOHRNeTc4MWRYQ2o1RWNYUjE4NWlpclpfUVpxaWJ4Vy1JcXVSR2Z5SFVTcUpTX1l4c2dKV0RUU25XZ0pMRWVON0w3cDgxakk5akhpbjhBT3NIei1WVjJkRVZKMUNhUTRLY0E?oc=5,ISTOÉ DINHEIRO,2025-10-06 09:19:44-03:00,inflação OR IPCA OR IGP-M economia
"Ibovespa futuro enfrenta instabilidade com balança comercial e Focus no radar; dólar sobe a R$ 5,35 - Estadão E-Investidor",https://news.google.com/rss/articles/CBMirgFBVV95cUxNSXF4WnNPR2szbVpFdHNHZ2VGYjY1OGlXcVYxTmJTUDU0RkhWQVk3dkR0NC00WGJHeVJQQ0hLTk1fb09NVWgwNjY0SDZaZ04zd2l1ZnRrMUxUXy01cFcwN2lFZGI1UFA2WHhuYVlnUnQ4NHJXOW95V0QwdU1fQ3JZTm9qVUt1VzBnek9XRFZ1bFRHVjVYeGdhRWhTM2tjRXIzUjhtemhpU0pXOHRYMlHSAbMBQVVfeXFMT3NndmJUZkxlWWFKYUo0a3kwazZyakppQ19IYURLNk5OeDMzMzRHVzZLZ1RYTTlHcDRKUmtCWFFDa0J5VWhReExVaDR6d0lZUXRoMkRtWnd3YWlvbnhmZ3E3Rld3dktvclgwdXZiWGUxNFIyRXlMMnlodXVadExqdW9QUU4xUmVEczMxclA4WUZSdDFTZzNNVzlIdk9mUjl5ODYzSWYteTZQOC1oLWhvOVpOams?oc=5,Estadão E-Investidor,2025-10-06 09:12:57-03:00,balança comercial OR exportação OR importação
Inadimplência cresce no Brasil; veja número de devedores - Correio Braziliense,https://news.google.com/rss/articles/CBMizAFBVV95cUxOOVZ0ZGtELU9iYjlnWTVfZjRXTEpJYkRSM3pQVmpIZmVJdzdMbzhXbm9lb1liSk9RN1pONUpCWGs1ZkdhTkgzVmhqcVJ4WUp1TExEdkZxSlpUUUNEdnIzckJUQ3gwX1JRWVhmT2U0Z3BaUUdUdldRMlRTbE9CX0xJU2xHeTZHRktzLTRueERGd1VQTE5PYkRreGVrQ0hmaUJhNGpCTm9tZVNfVXZlYjRFRUptNmMzSkE2TlhwZ1VwbTVuS3ZQLUh1RTV4RGnSAcwBQVVfeXFMTjlWdGRrRC1PYmI5Z1k1X2Y0V0xKSWJEUjN6UFZqSGZlSXc3TG84V25vZW9ZYkpPUTdaTjVKQlhrNWZHYU5IM1ZoanFSeFlKdUxMRHZGcUpaVFFDRHZyM3JCVEN4MF9SUVlYZk9lNGdwWlFHVHZXUTJUU2xPQl9MSVNsR3k2R0ZLcy00bnhERndVUExOT2JEa3hla0NIZmlCYTRqQk5vbWVTX1V2ZWI0RUVKbTZjM0pBNk5YcGdVcG01bkt2UC1IdUU1eERp?oc=5,Correio Braziliense,2025-10-06 09:09:15-03:00,"default OR inadimplência OR ""covenant breach"""
Mercado volta a reduzir projeção para inflação e dólar em 2025 - Estadão,https://news.google.com/rss/articles/CBMioAFBVV95cUxNanR0WUdsMWVidnF0QzI4RkNHSGs5dlZQSEhKME5MRWZNdnVJWHVXM1JCc0lXZ1Z0LUhvSEJZbkRuZFFMZTlfT2ZmVTlNM24yZjBfbFVYcmxHYlo2ZmVlMGZKT090OXF3WXVOTHdfdVl6czgwSlUzbjU4V0NRcWUwcm1TejlKX1ktYi1ERGZqLVlPUkhOR0ZQV0Y5d0NxS3Fm0gGmAUFVX3lxTE5sR01xczBab3NsaEEzTGxQcXVjc3pjZUNtSDRHTWVJYnBnQk5ILURWQkQxRi1JYnprdzZ2QnhlSHc4SGpzcm1XNTVUZ2ljWjk3ODZIV2RpaVZGalR5MkhhTVp5ek5lamhaWUp5dWY5eHVnOUxvd0xfZ05lZTFfRmwxbExjSFFDYWVFbUJJYjBsTEtYalc5cmxET2piZjBETFg1cE1JU1E?oc=5,Estadão,2025-10-06 09:08:44-03:00,inflação OR IPCA OR IGP-M economia
Dólar opera em queda com diálogo entre Lula e Trump; bolsa recua com bancos - G1,https://news.google.com/rss/articles/CBMieEFVX3lxTE1VZmtmY0llaW44NU55bVdiYVRuajMyalpoeElFcGNBRmNLbHFZWGd2LWhiYTVadFladlEzSndEMHN3VEtVUm5vcktqclhqZFNhLXRuOEwxVU5TN2g3djR4QTVMUGlZbDVVZFZpRnFaSUFpWmZOa2RJRdIBhwFBVV95cUxOSTRTdlpiNTVnQjNZdl8xNWhZZTEyakdyUHRBZHh3M3pabDdBd1d3ZVdYMThpMDRLbUU0TnB6X1NIM2RoVWw1SW1Pc3lIbV9lU1lNWFA1ZDZfLVpISVByUjU4ajliZFN4LVI1SGpVNk94TWd6aGlTT2tWMHVWdFVYSFFUTU84OGc?oc=5,G1,2025-10-06 09:00:34-03:00,"câmbio OR dólar OR ""taxa de câmbio"" economia"
"Economistas cortam apostas de inflação e dólar para 2025, mostra Focus - Economia em Pauta",https://news.google.com/rss/articles/CBMiowFBVV95cUxNWlFkbHZ3dnJOTG5XRnl0Q3dxODZ2bVpLMHNqOGl1QzI1bGEyaGczSDBhTDd3VXRfdDgtOFktYjZ6TU9yZ0NNbzNJUEhOYkF3TzlxdGpSQ3Y1RmJxUWxyQmR1cEhFLWY0VTM0OFRmeWRlVDFoTTRuZ3lpYV9lWHB4bC1Hd2x4LVVkYldLakN0NzZaczVmdVpwUHh1ck13SEwyczRZ?oc=5,Economia em Pauta,2025-10-06 08:49:11-03:00,inflação OR IPCA OR IGP-M economia
Boletim Focus registra queda na inflação e no dólar - BPMoney,https://news.google.com/rss/articles/CBMijAFBVV95cUxOZTZuRHVfRGtHQjlvc2Vud1NLOTVVZ2ZTM0k0NmVUMFVYTV9KODQ3Mkp4TnE4eXhSQW4xbHNmS0U1QWg2MkpPTWxhYXdkYzh3b1h1dmZMYUtPYkdLMTIxUkhEQk1ETDVJYTFrRDV6anRKcW9mcTFYMTFyX25FVDRFbFRIcXhLTVFpVGVfSA?oc=5,BPMoney,2025-10-06 08:46:00-03:00,inflação OR IPCA OR IGP-M economia
IPOs ficam no limbo com paralisação do governo nos EUA - Bloomberg.com,https://news.google.com/rss/articles/CBMiqAFBVV95cUxPLWs4WGxwOEREVnVsSWFEX1M5Z0Y2YlQzNnoxSWM4WC1aTndwYzNyeV9wNnN4WHFXazBha2pSTE5XNy1UYUtNNXhuMVpNdjlSTy1JOFN0azVNZFd0aUxiX29kb1ZCV2MyV2xNVmVINkRnNEYzRGQtcDZDbEJ3SUdTdGNabHRIcGhQcHl2Q3o2Q0NEQ1lIMFgzZld2Vmpod2pwU2xmQUF0OU4?oc=5,Bloomberg.com,2025-10-06 08:35:17-03:00,"""oferta pública"" OR IPO OR follow-on OR ""emissão primária"""
Inflação volta ao centro do debate com isenção do IR e pressão sobre o BC - VEJA,https://news.google.com/rss/articles/CBMirgFBVV95cUxNVkxZdnpabGRsQ3pyZTBCZHlmUllTSHJxM2o2M2JORTNERUdzQjlLWWswSXQtR21oT1VyMWxQZXBwMUpSQkxtN2Vuak1NdjB6SXZpVGpndFZBUWZCZlZmVk9aRUM3STl4bDV0dlAxbk9WNzRueU1BNEd2U2JwR3JickI5WFNFa3hoVzl1MkM0ZWtkZVhWcVhHVFFVejlzdGhOY21scXh1cnRlQ3V3VHc?oc=5,VEJA,2025-10-06 08:35:07-03:00,inflação OR IPCA OR IGP-M economia
Boletim Focus: analistas cortam novamente projeções para câmbio e inflação em 2025 - InfoMoney,https://news.google.com/rss/articles/CBMie0FVX3lxTFBrN0pVOVdWNUlxc21LdFlHOWFPMGpYSDg5NFJhbmZJSTVmc3RzQ3o0ZDlrd3BNTG96RXczempMRndoZHZ3MWlYNzZKTDdYUzdLZGwwN1E5eVkzS3lDTzQ4bGRqS1A1MEpoZHgwRi1GWVhiSFFwcjNmUjM3ONIBgAFBVV95cUxQdTZiU0x6VE11dTBJa1Zld2trQWpFVzQxbU85UTI0djhSMGJYVFNXMTlkenE3VGtwd0FhYUU5SkMyb3Y3TkJLNndOc2VrOFRzMFZMaEVBaENnckNNU3JxemdGMHN2WDNnTk9FcW81di1JeWJfdVFGQUZSbV9aWG5oOA?oc=5,InfoMoney,2025-10-06 08:30:05-03:00,inflação OR IPCA OR IGP-M economia
BR Partners aposta em assessoria para reestruturação de dívida - Bloomberg.com,https://news.google.com/rss/articles/CBMiswFBVV95cUxOeExXTV9wX0Naa3gzSXFJSjU3LWlOT1BVc0owYUxKTjcyaDFXY1VXaU9wZkhwbUttd2l6TkFKTnc0U0ZQMkp4c3E2eTJlZjVpdEZuZGprNVExNFZhLVlPdDh1MWktclU1SWRRV18tNWc1SVZMMjhtZDJYSUQ0S2FRZkpJSXVsRWdmdS1paUxjTVlVMXlodDZTS2E4RVZUWmNpOUVFRElmdDlWMzRvNmxBOC1qWQ?oc=5,Bloomberg.com,2025-10-06 08:30:00-03:00,reestruturação dívida OR refinanciamento OR amortização
"Aumento do risco de ficar abaixo da meta sustenta leve corte nos juros, diz economista-chefe do BCE - Terra",https://news.google.com/rss/articles/CBMiigJBVV95cUxQYjNBNzJ6OXNpSWp0eTc1MmZ3WWVwQ3I3Z09LSDhzTHVrSUQ5WFFnelJ6X3ZidUVXSGczZUtQa3FvYzN4ZEE5dDZEQ3c4MGh3N2kxMUdxcVhPeDV2VkRSRkJUb3o3bk5iaEVjMDgtNkk3Z2lncEpweFhhZmdxRWZ6RlVWbTNuTmN3SHNoeEotb25XeWRiUFcybS1CcDdQTGJOV3VWQWFoSFlpejBqZnAxdzJMX2pKbW9vdzY0a2I3NXdxWGpTWjdfQ2UtVVg4Qi1HbUtWZVY5el9xY21VQ0htMGdyYnBSRFp0Vm1YTHpuckRwSmFSR09mQVFtWUlPQWUtRFhmNEtlTThJQQ?oc=5,Terra,2025-10-06 08:19:00-03:00,"""banco central europeu"" OR BCE taxa"
Serena (SRNA): Oferta pública para aquisição - Acionista.com.br,https://news.google.com/rss/articles/CBMidkFVX3lxTE1xdXN6Zi1rN3dLc1V2d2VJdVlvZUhzemxXajB6cHQ4dXI1SWdrTWJUSjI1VHc0MXh5ZVdpaWJNOWZteEpJYVplU2o0eXRYQ0NFbU14X1JleHJLRE5wNkVNclFGdk5wSWVIUzVnMFBZU1A4aTR1aEE?oc=5,Acionista.com.br,2025-10-06 08:16:59-03:00,"""oferta pública"" OR IPO OR follow-on OR ""emissão primária"""
"BRK Ambiental emite R$ 1,5 bilhão em debêntures para alongar perfil da dívida - Times Brasil",https://news.google.com/rss/articles/CBMiiAFBVV95cUxONXNMVUptVDBKbzZ4ZlZfSnpoTDhuWTZ5anFya0lyRkNkcjI0dktHMVJvX1JUTHJtd2szU3JfTk9mLXRzNlZXUVJSbGxmSG16dlFDUlhTT0NwU1lZQUUtMjVSUmJXdkdVdEdkQV83ejU2WEsxZFJURE1RWUZ5Q2FreHdCNWpUaFhG?oc=5,Times Brasil,2025-10-06 08:15:00-03:00,"debêntures OR ""debenture incentivada"" OR ""lei 12.431"""
Dados sobre a inflação no Brasil e decisões do Fed movimentam o mercada nesta segunda - Canal Rural,https://news.google.com/rss/articles/CBMiwwFBVV95cUxNWnB6dGxWa2dLTFlMM3pQS2J2SExzSzJzZ2lQWVNqWUxPejgzenBqVktlVlVKWnJycjdoaTE5SzNRYXNONUNvMWNhVTRCQkZNcEZoYWNVOHBEaW1KY2pXTTVkSFE0M3dfNjcweFBOV01HZmdSbVU4RXdJZVFRMHE4b211T3RjbHdoZkVvLXlOeC1zVTgxTHRDQ3J4THJBTU5KM0JsY01VR3JMY003anI2TDIyT0xxZ2pxelBqQjR4YWRqWVU?oc=5,Canal Rural,2025-10-06 08:14:55-03:00,inflação OR IPCA OR IGP-M economia
"Crise na França, AGE do GPA e balança comercial: o que move os mercados - Exame",https://news.google.com/rss/articles/CBMipwFBVV95cUxPUHUxU1pHX2RKcUJDZUhmeGhHNHBQczdLNVlVSnlRenFvUWlTMHFnQUxWUWNvV1hub2p5TFdsRFZuTDBRSzZucHlQTmZGQkVYc3VWbnRqTEVJYW5SN2dsQlhOWHlfbS1FV1U3NloxS3FON1F3SFFDRktlVnlWS3pmYUMybDYwb2NKSDFlN3lzN2lPc2FQenItY1VteV9KV21SU0VHT3NsMNIBrAFBVV95cUxNcWF5OUNTM2FSVmwybFdwbmZHSHJiekg2MGZJM0wxM3J4WEpqcUlJNFVlZndOUVhVcld4UzhLTk5ZZFJUMWxNQUxBS2VQYzcwMm5xa18zQnZabGhtYVF2WnpFS2phVGFwWmFLeU1NUnYxQVZGalp1UFRWVkVpZ1R0RkY0djVlWEh2Q3RFUjBHbkFLTkVnZjJwek45RzJBWXpLMTNuSnNPZWZyc1ZU?oc=5,Exame,2025-10-06 08:03:45-03:00,balança comercial OR exportação OR importação
Arteris Anuncia Emissão de Debêntures de R$600 Milhões para Investimentos em Infraestrutura - Investimentos e Notícias,https://news.google.com/rss/articles/CBMi4AFBVV95cUxPTWlpV1d3d0ZnUHdKQTJ1T0IzSDU2WHhKd1o5Z2RhZjRDWkFjRWhDUkNfNl9Qd09WaDZTTXNWUTdJNXk0VndtRXhVdUJrOGROOVVGT3lqWWVRYVZsMS1laVBiZ3JYQ2xXZXZrUGtlUDJjOW02ckNabGgzWUwzVmh0b0xLTWxhU1hpWVVNQlR4U2pTMnQ0bXB1eHdFcmdZa2NOOHl1VU9tZU9SbVpHaUJOQWpSQlMzc3RQNDYyNkxwTHhvYXRRMElYUlhmdVZJczFSN2JHMzhMSkktNVBHVjBqSw?oc=5,Investimentos e Notícias,2025-10-06 08:01:01-03:00,"""emissão de debêntures"" OR ""programa de debêntures"""
Conselho da Arteris aprova emissão de R$ 600 mi em debêntures - InfoMoney,https://news.google.com/rss/articles/CBMioAFBVV95cUxPUE5IbjBYLVBYVHRZblZ5SEQwbEhTRzZtYlFmeU80THR2WTBpeWhLNU9TUDlyOUM1SGdRbFpXakxHUmwzSlMxcUVjS2RUQktxVm9YZkhRY2ZwMGREQm94QnVhcWxiMEdoSGFZQm9hQ05YcjlTMVRkaWxvWmVvNVlpRjBQQXhfNHpKVlpRUHRBdzFORlR2TG10SndrQjQ0akV30gGmAUFVX3lxTFBjNU51aWMyWXlmajZCV0VCWmxWQUNQcklHUzNDS2Y4c0ZBLXhQYUNHaWdDVXo0cWRJZlRyLUVoaUxqNW13eDJPMk9SSkx6R2NmR09jOWRVWTRpOUFGNkp2dk9VSnFpVS1HNlRZVjRzT3F5b3FLVnVoYTVKSU1GRnVrVHZrcE1RUENKQkVBVU1vbDBwQ25nYWJ1cjZUSHdIejIwdk85ZUE?oc=5,InfoMoney,2025-10-06 07:57:01-03:00,"debêntures OR ""debenture incentivada"" OR ""lei 12.431"""
Conselho da Arteris aprova emissão de R$600 mi em debêntures - Terra,https://news.google.com/rss/articles/CBMi1gFBVV95cUxPMWVVeDczUTVmQkdCVkZhbDk3MTJWeE9ILTVBamdKS1Q1RUlBUVVFOXR1cGtFT3g1ejBjay1Kb3NEQkFlbUVHSFFmRkxaczhEd0lnY0lzeWF2V09xd1o4X1g5QWNfS3RSMlhKVTNLeWRHN28xTmtWU3RJdFN2b3lvUks4ZFlYZ19GRTFiZlJubWRPQm1WdFF1RjU1eGk0dGJoNHI0SVgwek83eGZwcm5rU3hWNjVzSUk3Y3RSdDMtal9yR1hvZEpnZXd5cTlMbzMweFBtYWVB?oc=5,Terra,2025-10-06 07:57:00-03:00,"debêntures OR ""debenture incentivada"" OR ""lei 12.431"""
Ibovespa hoje: balança comercial e Focus abrem agenda em semana de IPCA e ata do Fed; confira os destaques desta segunda (6) - Estadão E-Investidor,https://news.google.com/rss/articles/CBMikwFBVV95cUxQVzd4OXBrMEwtTGt6NlVrdi13aW5yMkxkYU9kYjRDREFnZE80MDh5WHB4ZXhrTXJ2ODN2SFY0YU1ENEZYbC1KZ0EwSmdKSUxwa01JdlZKZ1ZwX0JCRHVKUENNZExSOUlPcFdhZThsZFoyZG1vSERweHlOX0I2ekZsWUhSS1hiTHMwYndMTEpURkpLVVnSAZgBQVVfeXFMT3c1alRkVDhmbGJQSmh2alB3RldvSFZHQmNRNUw4UVJSVG9TNmVQNlctUnM1Um5TenUxZ3RZb3RENmJPVFJOTHk4R1pMVjhINlRzMl9oemtRYkh1SjlfWVl4RUkybjNOeEFDWlluel9Tck1lR0o0SV9rQWRBZ0loTFpFajNLSklITDVXMm1NSkEwcWh5UTlFQjA?oc=5,Estadão E-Investidor,2025-10-06 07:53:11-03:00,balança comercial OR exportação OR importação
"Sem pressão da Globo, TV Gazeta não deve perder concessão pública - Repórter Nordeste",https://news.google.com/rss/articles/CBMingFBVV95cUxPNVlyWDdzeUdSTkpkY0NqOUFfUjlXdDVmcVBlRjEzWFp3dGlwNm1XeHQ3N25DcDN2S254YVI3czVWeXQ5MUR2eE10emVvWFJGLUdHaG1YSXEydGNsUmFVZWZLSTF3LUhzTlJuQjE5ZFRidUxJazBPS2RJTmRhaDczRnk2RUNpeklLcmFkMGRiWjYxRGV6THFVbm9kM3hMUdIBowFBVV95cUxNcldhTWtFQ25uU3lUSnd3SWV2RFNlN1d3dlNtYzN1S3pLODhVbklibUFFUHhrcXdjVXJPbFE3WUJ0dDVUYjRMcHlFNVo1LXY3NXdmRU5YN0hpb3NfX2w4LXNNNkJVX1FlWlp2SmVRZnV4ZGRnMkRMdm1YcHE3emZWbTJ0RWFHZWZmTW1yNkUyU3hXREdaY0hpbXc0bXFkaHFFUWQ4?oc=5,Repórter Nordeste,2025-10-06 07:43:00-03:00,"concessão OR ""leilão de concessão"" OR PPP OR ""parceria público-privada"""
"Bom dia ADVFN – Falas de autoridades do Fed, Boletim Focus, balança comercial, GPA vota em assembleia e mais - ADVFN",https://news.google.com/rss/articles/CBMi1gFBVV95cUxPY01ET092d2tXb0pFbWVYcGhmU1d1dl9MV05OeTZ5Rm1TQWR3YjY0TkVXUkx4NHhTVUMyMnR0VVNORlY3Uzdlc1FMeGJtemg1bTZkdDVZZnFaYlJicl9vQ2dBUFd0X2h4YVVaVDU5TG8xbkpUUEFuSTVKOUxWTzBVVVZsXzJSMlE0bnp3UzJhVzNWaVZZdmg5Rm1rM0NTNjBmX2xfNE5tYk1qc01nY3R3YWxtQlg1V0FqbmQyQXYzaTNrQzdHTURNZS1IdXlrRTZ3NF85dVpR?oc=5,ADVFN,2025-10-06 07:42:58-03:00,balança comercial OR exportação OR importação
"BRK Ambiental emite R$ 1,5 bi em debêntures para reduzir dívidas - InfoMoney",https://news.google.com/rss/articles/CBMiowFBVV95cUxNZzBOazRmcS1UZk5WR1RBNVE1WTZkSDBIMXg2d1JOdWk0d1BNT2RheFppdnhwYWthTTlYcThBdU53MmV1RXQ0SHJsV2ZveTJ2RDFkRUFVQ291cWZraGNPSzE1NGpRMURYY1pzQzJOT0F1OFpWcEpmMzFYNFZPZ3VxaDhqdUgyV05IYnRwQXFkWUhsTmxMcUU4OUpxVldLUkxKYlZN0gGoAUFVX3lxTE1EWklPQnA3TGJJbDM3dnBsMV9fcE9Na0UyUVV0RkREMTJsN2JhckhPTHM0M3ptZGdpZHZ2aW9ZTnU4cUh1ZEtRS3B2Tkc5WWF4aHVVU2VxNVJ3bFo5c3lRc1RKdDZacEUyZUVLZmdNQjRnT2Zwampid0k1Zy1LaWdlV1ZjS2RsUjlsdVFvemVVWkZJaEllOUNTdjExUnlpMjdmQ1lBT3E1dg?oc=5,InfoMoney,2025-10-06 07:25:21-03:00,"debêntures OR ""debenture incentivada"" OR ""lei 12.431"""
"Nostrum Gás e Petróleo resolve inadimplência de pagamento com aprovação dos credores - Investing.com Brasil - Finanças, Câmbio e Investimentos",https://news.google.com/rss/articles/CBMi1wFBVV95cUxPSFJVTzZlSks0VWs2QWNyRDdESFFNZ0tqSnZlZmVNMGFrdS1NX0Z2U0szVjBZd2EzUFZyQk16Tk1WVS1VczZyRXVyUUdYRHoyLU0wS0VQdE1Da045MnRLSXNLcGJGa2ZQNmpDOE1mM2RjT2NyUXNGUjFadk55M1h1UXZsX0k0V3pxT244Sm1fc09KOE1NR1JnTTRFM2dXVm93U2lYVG9USFNuM3RaRGVBZk5qMXJSSnJhQWdCeFhfR1gwdGJBZ3BocTBvQTAycUpDQ3FzaGlCWQ?oc=5,"Investing.com Brasil - Finanças, Câmbio e Investimentos",2025-10-06 06:58:00-03:00,"default OR inadimplência OR ""covenant breach"""
"Shawbrook planeja IPO de £ 2 bilhões em Londres, oferecendo impulso ao mercado lento - TradingView",https://news.google.com/rss/articles/CBMiZkFVX3lxTE53UTVsTWRIRS10cUhwZjkyQjcwOFRibjJiazRQUklPa2taYkhBRkZMVXhid1IydlZVazBpRXVFRno0MjNiV1FycHJuY0FzZmozZDhVRWJiM0llb0NGeFY1U3FDRE1VUQ?oc=5,TradingView,2025-10-06 06:46:36-03:00,"""oferta pública"" OR IPO OR follow-on OR ""emissão primária"""
Agenda econômica da semana: IPCA e Powell concentram atenções - melhorinvestimento.net,https://news.google.com/rss/articles/CBMijAFBVV95cUxOdndCeEhSSEhsTUVQeWM3V1B5TVZ4c0dTcXdYTmlCN3ItekVEZVhkSnFjMVRRb2VMYTlPX0pjaFF6V2JCTW9VdVRuRHI3NUl5Wi1PUnowcVpGa2lZZWxUVFZkUkU1SXVEVDZYX0toTTVSWTdLNEp3ZEZEU2dOZl8yRFlKOUdaeFczR2ZCaQ?oc=5,melhorinvestimento.net,2025-10-06 06:34:44-03:00,inflação OR IPCA OR IGP-M economia
"BRK Ambiental emite R$1,5 bi em debêntures para reduzir dívidas - Terra",https://news.google.com/rss/articles/CBMi2AFBVV95cUxOS0F5Q2N6NnhtaHNjM0hfVnZCTFZmV1V5YWpPS2xDZ3VPNEF0RWdtcUNCVUhLUU4ya1dnbThBM2FBX2FaY0xGaGN5dHZhSGV4WXdqWnZUa21ZTmpwZFpPOFp4cGM2MUJLemlPcVJuYmtXVnl6Rzg2OEszQ2xfVGJDaXI0dTFLVEFDcEpMakdIa3NGVGhQRDY3OXhGeHdFeTBITUhaQXozb2MzNm9wUkRBTlAteEk4dlJnZmtyUThYbW1sdjNNWVNyamFUS05FeXkzTE1yNWk0VnQ?oc=5,Terra,2025-10-06 06:21:00-03:00,"debêntures OR ""debenture incentivada"" OR ""lei 12.431"""
"O que esperar da política do Banco Central Europeu? Analistas do UBS avaliam - Investing.com Brasil - Finanças, Câmbio e Investimentos",https://news.google.com/rss/articles/CBMizgFBVV95cUxPMWExcXRrb0cxd21KbEZoaVJ0NGJIbUI5R3FrV1UtOV9BYkwyVTR1Y0dwSFY5MUp1aGRMdUpBeFBlUFR5UXU2UUI1SmxZZ1NOcUVzb2NiazRvRGdSclhmNmxmdXJ2eTJJaV8wVHM3eHQxZ2pHTF9zMnFIcHNvU1NVQU1tZ21zcDVDY3VQOEpXMUwyS2p4NXNCT1FoYkFCTW1JVjNmSGZwdzZEaXFBcUEyUFpya09LMUh3M1dRUVlFOVkzWDJfVVdPNDdhX0V3dw?oc=5,"Investing.com Brasil - Finanças, Câmbio e Investimentos",2025-10-06 06:10:53-03:00,"""banco central europeu"" OR BCE taxa"
"Mercado reduz projeções para dólar em 2025 e 2026, mostra Focus - CNN Brasil",https://news.google.com/rss/articles/CBMitgFBVV95cUxNVl83a09xNHV6VWdRZ05iVlBIUk83cVNMWGVQSzY0dHhZZ3A0VTdnRHVtbUxBbFJfY2h6TFM5QkJNSGdWeE05S3VhWExIckllcS1SOHpsb3hUQ29GR3E4bjRLQ1NSM0k1M0IyWkdEWkJKNTlxa0FENTJEUkVMalhBU2dqUUNMRktGYjhqZGJaM0tfYWxtZGlmZzN2R2ptZEJMMG5LQ01ocVFOWkU1dEFpb0RhYWRTZw?oc=5,CNN Brasil,2025-10-06 06:10:18-03:00,"câmbio OR dólar OR ""taxa de câmbio"" economia"
"Inadimplência de aluguel de imóveis em Pernambuco cai para 4,87% em agosto, mas fica acima da média nacional - Diario de Pernambuco",https://news.google.com/rss/articles/CBMihAJBVV95cUxORmJ3M3RpOF9faGxPZUFPLVh6ZEE5dzYtVnlwaElwRmR1TWFNVWtVcUFLTmkzVHdSc1h2aTJMSWtSTTZvQldnOG1PaHo1MGc3Q1ppMHh0RmJpYmtqeHM0U1dybG82d3hlaGVyVnFpWm16T3JQNHVDTHpQSEotbW1oOTh6Rk5Ra0lveTdrMlA5QnFRZzY2QzJiUEpPVjJDdDFFSXhfUnNBT01nTDFZQ09QX19vdG9id2E3QTMwbjNobWstbWlDT3lIbUlwWlRsdy1LeVg3czViR2xMMjFCZEc3UW03THpuYXg3WENzMHd2XzJkajdmX0h1X0pTbTdKeENuZTdZcg?oc=5,Diario de Pernambuco,2025-10-06 05:06:00-03:00,"default OR inadimplência OR ""covenant breach"""
Acesso ao CRA por pequenas e médias empresas do agro está mais restrito - Globo Rural,https://news.google.com/rss/articles/CBMiywFBVV95cUxOWHNDSDRVYld1dFdpRkIwQjNmaFBJLVFvWDZELWdiTGFEcUdkWUZ3QU9hRlVOVDZwNjNmd3lKZ3BiUElzRm1qTV9PQVdBVDlCYW1PaEVQSEhMQXlLTVJmX1JXZkgwYTIxX09NN2dYdFB5dHpjZEtsVGd2UzVTaHA5WXhGdW1zTW5TR0FqcVF0Ym1KRmsxS29FOE1BdkpfQ2VhdWRUcF9odHJ2M3FiclRkcGNHUWtXQzZGa2FvaWhrbEFYRnNiYzkzNmNTRdIB2gFBVV95cUxQbWxsYk56VXVlczRLU1VETnhpbW1fbDNCQTRkNnNOa1JoeWM3cjJFR3pUc0V4UjBla1BQdG5GZGU0SkNDNUlzNk05UFV3WE8yb25xNVA5b0QwNU12LVpCdjF4WW4zVUY2ZlFDN3RadjE1c0VNalNzNmJITTljRXotSkt6THg4TVE5RE9PV01tUzdpQ3NkNmc0c0lpTk02aGFNUlAyeDFGRDNheVQ1UnRjSmhvZEhTdnBScDYwMElhU2oyV3ZkU21sVkhINzR0c3p4Znh5NlJXZHZkQQ?oc=5,Globo Rural,2025-10-06 05:05:59-03:00,"CRA OR ""certificado de recebíveis do agronegócio"""
A força manufatureira do Vietnã impulsiona um crescimento do PIB mais rápido do que o esperado - Invezz,https://news.google.com/rss/articles/CBMi0wFBVV95cUxPdG9UMW02TmVKaGNsTm40ekdja1JfRFljeFNCTGJsVlZEUlBBY1Y5MDFZWUhRMUFKbVVIbEc1V1NzVFUzcE1pbWg0RjZhQXYwOW1CcC1HZXczRlhycDdkX0lEV2MyTGszOWZsbUc5aVVYWWFLang1Y0kwbk0wMnRGdlZ5bi01MkZvVS0zc3UwM2NVSmJVZmQxSGJmNjlKdHhUT3czcm4wd1I3Z25OOFhZRUhGU3hRbWFhR2NKTS1Da3dVWU9jUUdWMEJ4YTdWWnJRZ0dr?oc=5,Invezz,2025-10-06 04:24:55-03:00,"PIB OR ""produto interno bruto"" crescimento"
"Shawbrook Group planeja IPO em Londres para impulsionar ambições de crescimento - Investing.com Brasil - Finanças, Câmbio e Investimentos",https://news.google.com/rss/articles/CBMi0AFBVV95cUxPNGhJcktaazgzX21sa2lGVTd0TlNiNUlKTlp2R2NtZ0xXeVhXSllCZ2NkbEZ4TEtuZDdYdWpqTTZ6TndXVkVRMUxtTTdQZ3k3eUdDaGlub0JWS0tCVzRMWXdtVXdQVzBaTUVFeUdrNi1kM1Bwc3B4QmJfMWlkRV9tSFRud0Q3NnZnOFJjY1pteFZPUWwzS3dOeHhLZXVvbk1WbmhpUDY4em1hNTRwWFJESURfWHlHQmF4RDVfTzdHbWVoNGRsLWc4el84R2NqNXc1?oc=5,"Investing.com Brasil - Finanças, Câmbio e Investimentos",2025-10-06 03:35:00-03:00,"""oferta pública"" OR IPO OR follow-on OR ""emissão primária"""
"PIB do Vietnã cresce 8,22% em base anual no 3º trimestre, apesar de tarifas dos EUA - Valor Econômico",https://news.google.com/rss/articles/CBMi2gFBVV95cUxQS3JrNzlubjVEcFdiNFJfal9wSnBZdGFGQlNlS2VQbFFuVkJONjlmX0d4YWc3MHFVSE1BbTJfaTZlV1JHTnZ5Q1dId0JCUFJrXzZDQlRpdFlWdEk5angyT21vSmFpaDlQdWFZYmt3U3AyQkZGaDkxUTlZQjlEMHFPdDhhOHdPbGhHanpPQU1wWGFESTk1V1pBdjVqT1lVSmh2TmRDR2tFUldEQzl0N3RfSVhiNDd5cjUzaGJ5ZXFtOS1oUEdtTXdjX1BibUJBcjJVdnduMms3eE01Z9IB6AFBVV95cUxNRWF3Rm1iR1U1Si14enFEWkhmNnlBaHpiUDJ5T19jTFN0Z2owRjd6ekVxOEFTSk5nN0V2alZwTmtUYnNrbnNLbXE0M0h0a3AwX0ZocHpOWENIQXlsUzduZmdDdUFHclpOSHpRNFVhOVFSVTdfQm9tMEg2TEhYVHlpaHdWSEpfZ2N4SURaUlpGVS11XzBWX0xaa0RVSFFzUV9weHJXMEdwVVZUNWw3MFd2LWZSZUxsQWI3RXpKN2VoMEVuMzBwUmhxQ29JUHRraW1DbTZsNXdmaE90dGF5MGI3SmJaVDdQV29u?oc=5,Valor Econômico,2025-10-06 02:47:08-03:00,"PIB OR ""produto interno bruto"" crescimento"
"IOF em FIDC ainda traz dúvidas, diz especialista - Jornal do Comércio",https://news.google.com/rss/articles/CBMisgFBVV95cUxPTW5hWnYwYWN3X09VWXpnSHp2Y0xBYTZiSVc3WnhmS3ZXNjlaMDVUNzB1cTVieENJZXpxZXU3MVdadnFsVWhOZkxYYVQtTVBTdXdvNmI0STJKOU1xWl9qQmJzZTJzcU5waUt5a0hyODZiN242cE9FTEI4NDNqWlR1Zl9sQkhYQjRtbFM3cG9nWHk0dUxzTkxiRHIzZ0w3WjZaMllKRjdNVEI2bFY3YlNlTzlB?oc=5,Jornal do Comércio,2025-10-06 00:18:45-03:00,"FIDC OR ""fundo de investimento em direitos creditórios"""
Investimentos de impacto na pauta dos fundos de pensão japoneses - Revista Investidor Institucional,https://news.google.com/rss/articles/CBMizgFBVV95cUxOMTRQdi1ybWhSMlMyUVRkNWtmOUJ5SDFLZ0JRZlFTamY2bXk4NHBYTFp0VWYxX090VE5wSFVqX3hFRkg0ZVotR0x0UkUzVllxSXpVNTBDaXlFTm1kUU5XNnZ6Sy16R0pYYzdVOHo5Ry1uMTFHZkxSM0RyOGpoTThmb0lhSU01R0tNMGQwRmxYb1NjVk1mYWxjbHlVcWdEWW5kMHhYMjZqTlFfXzlieWFPMkJReEJZQlFIejk0dW1PekZycEFncGM0RjhzM2U3Zw?oc=5,Revista Investidor Institucional,2025-10-05 23:57:24-03:00,"""investidor institucional"" OR ""investidor qualificado"""
"EUA sob Trump desaceleram, e 'caça' a imigrantes distorce taxa de desemprego - Folha de S.Paulo",https://news.google.com/rss/articles/CBMiwwFBVV95cUxPNU5zU042QjQ2RWVad2lwU0paOVhWOEpYczZjS3ItQUJGWlM0Z3JuYzBCd1hiR1g1TUFmSDZjS2k5Nl9Ib2VhdWZFNGI5c0pEZmJYNVo4ODNBZVgtWV9IeUVPNEpfVElDUDkzSWh3Vl9EOXRMOTVMeWM0dVE1blN3ZEJJZ0ZzeHZzUWp0b2otNlNPRjJfNWFONVdKYUpWZm52OW5zNHpaeE5idE1XN3BvVmpKSnZVdTZJNUpNbWxVNEVvQTjSAcgBQVVfeXFMTnkyMDVFM3RUN3d0LW1rMDcyQk9fc3pJX3VQSy1mOHJ5UmpJT3ZpSGNVQy0tY2pMbjFhYTFVdGt2dW1uRXZ4QUhIc0p0ZlQybWdrZExfN0dCV3FwODlRRTVWVEhENTlzbzJlWFd1MkNuY3ppMlhrb05WZGFZSG92Y2JiWkZqazlwQ3Nwc3dwVXI5a2NoMW9MZERrdk51ZDJjZ3ZXM3hrSEhXb3hydWh1bUFGbkJ2WjRqSnFKWUR2eXdwRFBXWnRPTjQ?oc=5,Folha de S.Paulo,2025-10-05 23:00:00-03:00,"desemprego OR ""mercado de trabalho"" OR emprego economia"
"Emae: debêntures de controlador, garantidas por ações, tiveram vencimento antecipado - InfoMoney",https://news.google.com/rss/articles/CBMivAFBVV95cUxPTDRUdGlabFBzaGZPVnlOQnJOU0NPZmh5a1pMWms1ODd2R2h5QjdIMjdodVBJRloxQ3FVRzJnaGVsb3N0Y3JjTGN6aEVQMWFySlF2RkhlRlQzSDZQUFFjc1F4bW9vQ251dWduVXQxQkVjd0pDN3IwdF9obDBfWmxCNUhyYnlVdENfeXVwSlB1eGU0M20wRTdtb3pYZ25GLUNxZ2h4VkpFaTUxVEFicXJDRlpIQm5OZ0JqdXBDV9IBwgFBVV95cUxQaFllT1lKWDdiSk5TSlQ4TjM3X2lpZVNCUlVGVXNNUlVhX0NTM0dXbEJDQ0pCOVJsRXl4SUhWUUw2aHVLTU5FSHlxRVVnUFhhQUY3WnA3SE9FS2FmYVJHeGEyRDJHb2RpTk96ZUI3Ym42MGRndzVOOXZXV0c2LXgwRWtULW00V3gtcEx1VkdPREFqM3pObnZvcDc3QklZMGUtTEw5YlZkU2pyMkJJNGJ0SXA4dmlHWk41QVhLMVpodGFNUQ?oc=5,InfoMoney,2025-10-05 21:20:00-03:00,"debêntures OR ""debenture incentivada"" OR ""lei 12.431"""
CPR-SP discute segurança na operação de argamassadeiras e serras circulares - Revista Proteção,https://news.google.com/rss/articles/CBMirgFBVV95cUxNelRRTlUtWXlYNE43YU9ZRWFuTGdQSHJwbVVWRlRtVU9qUUtYSGxlMTlHZGZ2ZmlybTVBUmtlWnlsR0FER3N3NHJBUmNPcWJQSWVVUzJrV0JUSVNwa1k3MUdXUzlBTE5ET2d4UkdSWXR3ZW5tX2pPS2xKX3YwYmI4dWFBSVRLYjRtMlNVRHBEd3lwZms3VVgzclJxQnQyUkw0RGpzRVBLLUR4S2F4dGc?oc=5,Revista Proteção,2025-10-05 19:03:30-03:00,"CDCA OR ""cédula de produto rural"" OR CPR"
Câmbio e endividamento reduzem efeito da nova isenção do IR na economia - CPG Click Petróleo e Gás,https://news.google.com/rss/articles/CBMisgFBVV95cUxQSEtOelBzYnBvaUw5T3BqNUJQZXQ4NGN3dmFsNWJOQUM2U0RGeGsycnNhaGJoVFc2LTVqdXFlWXdYcFBRQkZURUlsV08yQzFhYU9CN3hWSW5KMEY5SzNWQzd1RUs1ZFdqaWc2bDVEUDg2Ri1ZS3NMR2F6bVprcXR1S1BaMnZ4NmlfLVBBZnJDWlhqekV4a1laVDFocFVCOVNLWWxhVmV5bi1ENWFGbS1fRWdR?oc=5,CPG Click Petróleo e Gás,2025-10-05 18:42:00-03:00,"câmbio OR dólar OR ""taxa de câmbio"" economia"
"Efeito Cantillon: o que é, como funciona e relação com a inflação - Exame",https://news.google.com/rss/articles/CBMimgFBVV95cUxPVEI4MDBlWS1fOFdUak56YjMxODNQLS00T2Y0UnRCTEs2eDRaS1NSS2NDM0cydm84RnoyeGNTVG1uMkI0NUpKbjItdXExVmQ4bjZuNGFlcjY3TjZIZ0xsR0l2UFhxYW54X1FhcDhOOXNaZHZLU25oNzktRmFwMXJEcGUtcnNIU21RTzVsZ0F6YV9uWElUVkk1X3Rn0gGfAUFVX3lxTE5jMW1iSFJ1R2xiN1RibE5HR3Q1N0tpV1lJQVZ4S0IzbnlvSG5hbGRZdlFPSzlKLVQ1VUhta0NLWVJmdWdlLVUxTmh6amhQeVJVU2cwMlRFLXFvTzA3VnVtbzhlalhIdXBDRUxDUTJmTGx0UEhVclBURzMtQmt3dWFDa2stblZ6c09Bdm90ZnVZSXZvOGlNVkp5VTZ0VmpnOA?oc=5,Exame,2025-10-05 18:11:15-03:00,inflação OR IPCA OR IGP-M economia
"BNDES aprovou R$ 1,3 bi em crédito para modernização industrial - Vero Notícias",https://news.google.com/rss/articles/CBMinAFBVV95cUxPZDRZN29lVzQ4TklqV1piZ2gzZUlsQWpIcG10cHFfTDVzSUNJM09qYnhkODAzTEl6aXp0V2l2RVduUzQwYUMyd2NnTEhjb2tmMk1vdGR0VmRKVndYelMwelRGRVJDM2wwaVVKTmZiS25rbHM1eWFvVzRaU3JQTUlKclgyeEFCZ0ZKTTZPS0VpSFJNcjJuSjNERkJzcTQ?oc=5,Vero Notícias,2025-10-05 17:10:04-03:00,"BNDES OR ""banco de desenvolvimento"" financiamento"
Dia do Empreendedor destaca impacto do setor na economia e na redução do desemprego - SBT News,https://news.google.com/rss/articles/CBMiwwFBVV95cUxQN1A3X1VzZEl6YzQ3UTFzN3RJdVdHQ3htWmN2aFlyTE5HVWRPdU82UmF1bDJySE5uZHBjU3AtTm9lc1FPbVd0b3ZqbVlFZ0ZhbF9aeHYyUlpaTmhRZTd4bVAyNGtHNnNlWHBROXkwWnNXbDVEZlRjd3pMd1ktcC1EMHFqZ1kwTWhVa3p4T2hyNWlJYWdNaWdoYUpHem9EaTM3V0M4eG05RTR0RjRYYkNvR252d2luVFhLZlhWbjE0N1BxZm8?oc=5,SBT News,2025-10-05 16:26:37-03:00,"desemprego OR ""mercado de trabalho"" OR emprego economia"
Governo Melo quer aprovar concessão do Dmae na Câmara ainda neste mês - GZH,https://news.google.com/rss/articles/CBMiigJBVV95cUxOblhFeHlfRGVkTWRUXzVZWXR4UDgzYjRLWFVrb2ViUGd3QjU2cHlma2VMSVBkR2VsS21iT052V2ZybzBzSGI1VFZzQXhsOU1oeVljUmp3WHB0SzNsVGJ0a1p4b1QwSHdQb2VXbVQ4NHhDZ3pLeDNSV21EVXdtNkcyR05LQzc0dVV0R0ZHYTFQRm9kR0ZycFlJa1JrbXNScm1iSnQyUXF3Szgza3FpRGViX3JtUTZaTElTelVETjVaQkdRSElQTUt2dXRWc1M0RFZqTTQ1Tmd1TkNValE2X0xXZHRFcUI2dXVlY1pmcW5PazN3dG5RcU5XX0hSN25pdjlGYm1ndW9jb0tQZw?oc=5,GZH,2025-10-05 15:48:58-03:00,"concessão OR ""leilão de concessão"" OR PPP OR ""parceria público-privada"""
Tether e Antalpha planejam fundo público de investimento digital lastreado em ouro de US$ 200M - Cointribune,https://news.google.com/rss/articles/CBMiuAFBVV95cUxOTjZXdVNRRWU5V1RfaWE5a3dTT3hzMGd3a2F3MkdnQnotT1ROMlZlanNEUm9mbzFqLWZvamJSZ1Zqd0FiZ1BXX3gwNlJwNy1SMjliYzZmdlpQWjdWbklUb25mUUhKeWZHRUZ2dkFJdEE3cy1kOUlqUHVxTFY5UTVVRDVxOVp6ZnBiUnZOenJ6UHhOcWpBNlhYYmhzekh1T0lfaGdIMDdiUzN2WE9LS3lnWFN0eXpWVGNP?oc=5,Cointribune,2025-10-05 15:20:00-03:00,"tesouraria OR ""gestão de caixa"" OR liquidez empresas"
Quatro marinas na Baía de Todos-os-Santos iniciam operação sob gestão privada - Jornal Grande Bahia,https://news.google.com/rss/articles/CBMiuwFBVV95cUxPZUJpdTVEVlVuXzNxRlhNTmo4VEFNZEZ4WFVaQzFNYUN2WVk1MUNCUGYyVHI5dUtfdFVqSDFzUUR6MzFWTU5nYUNNZVRhVzBBS3UxZGx6M292bEVnaERkZlc1NmhJMlBrSDVyVW9fckpESHh6NDVlY09lVjVxV0psdElYdGo0NHZmYlplaWtDYlZPazlwcUJJRGk5ZVN4aVlPTUFUTUdqT3BEdEZpRXVOcEJ5STFGU1c4UXNr?oc=5,Jornal Grande Bahia,2025-10-05 15:01:49-03:00,"concessão OR ""leilão de concessão"" OR PPP OR ""parceria público-privada"""
A incrível jornada de bicicletas roubadas de Basileia para a Albânia e Kosovo - Gazeta Express,https://news.google.com/rss/articles/CBMivgFBVV95cUxQSU5KZG1UNERkVkxvWTRmMnV6blNuLW1xcGF1ak9zU3JRS1RtTkprMzZUeTZ2ZzlwQXR2UXVCVEpNNW5zdVJpR0N1dU1jVzVJRkVWTXNsYXdpNmdFU01uSEh5WWJBMGJxbG1hdFlTVzBqQWhOSHVJLUlBYlNYa2hnbHowck9rZjJuS0ZHMUc0R2l4YmhhRkxmOVZYZ3JNLWRlX1kxVGJaNWo3NEYySktRMjdMRzhvMnlBaXJZQTd3?oc=5,Gazeta Express,2025-10-05 14:49:00-03:00,"Basileia OR ""acordo de capital"" OR ""índice de Basileia"""
Agenda econômica da semana: IPCA e Powell concentram atenções - Economia em Pauta,https://news.google.com/rss/articles/CBMilwFBVV95cUxONDNGVk9QRHhKTnNEWENoZ19iX0ZiWUZqenEyVWJCelZaVnF4TzFnYlh1NjJ4ZFhCTE44aXBqOGlpR19RTVp4WWVsSUY1c1pSS0YzbGx2S0lrdGVNVFYxaFVFWUxmV2d3NXV1c0NLSEM0NkVJZEtsOUM0SlR3QU90bGktbkZlZG5GTWdOVWJxeFdZeUJPLVQw?oc=5,Economia em Pauta,2025-10-05 14:46:33-03:00,inflação OR IPCA OR IGP-M economia
"Onze toneladas de lixo são retiradas da Ilha do Mel, o segundo destino mais visitado no Paraná, veja fotos - Bem Paraná",https://news.google.com/rss/articles/CBMilAFBVV95cUxObDk4WFdNS1BvWVIyYmxxb1Zjc3pEazloVWdvaWhWSlFYZXdSYWZ3QVRZcFVjTndwMG84eGRRcHdPNy03SXRvaXU3R05Xb1lidjZ6bXhYZDlxUWhCdTlaOU1TZU9uS1V4c0hrYkZucEtaTzg4ZFZXLUUxbEpFRzZVdTFxSEFVallUZUlCV1h4TlIzeGVa0gGaAUFVX3lxTFB3T19HOE56VHVyTk9zVzZycFYtUzVhVDRkbHV0d1VmM1VqOFMxQ2M0bWlPWHJ3SWtjcW5Jc1ZzYTJGek40cGtJdHRtM2l1dUpPS2pycFVwT2hLaUZFUlpRUFFoUnE5Uk91cmJUVklLYkthUFJ3YlFKNnVIYng1S3FhY0hPbm1QQUVDaHV6My00TmxMQ2NyS2ZIUkE?oc=5,Bem Paraná,2025-10-05 14:12:00-03:00,"default OR inadimplência OR ""covenant breach"""
"Câmbio, endividamento e capacidade ociosa entram no debate do aumento da isenção do IR - Rádio Itatiaia",https://news.google.com/rss/articles/CBMivwFBVV95cUxOekpQaXNzdmpncUdxeXpCRk1uTDAzc2NjbDBGaEdLVTZ3UUtFX1hkXzhGc3JydDlHQjdqVXRuOW9rNndvdk1QT29qSi1KYVExWEk2Y1lPRmRDeVMxS3pXdV9sVGFpYWZMcXR5eGlISDNoM0EtamdRMTdVQ2hWZDlWam5lUVItUGNzSnd6THJkV2N1NVVwVkRxaGh5T2NHN3llUDBEYWVQWk8wc2p4REVPUmtuNV9CdC05TGg3a25QMA?oc=5,Rádio Itatiaia,2025-10-05 13:31:40-03:00,"câmbio OR dólar OR ""taxa de câmbio"" economia"
Incertezas sobre IOF ameaçam avanço dos fundos FIDC no Brasil - Vero Notícias,https://news.google.com/rss/articles/CBMinAFBVV95cUxPRHVRQlZKdjNmWER2MDRfNzVJRGJIVnFXMFo2cmdMRkxZOE56aUpwTTR4TE9tQUR6M2JWemNwbFBlajZGekl0VjhtSEQ0c3c1S0pnZDd0bHZZZnQ3S2hrZTNTMWpyalFzWXhyN21XV0s1S3pET0wxbV9oNmpmZ1NaQmhNYzQwNEJURFF3TFdSdW41NHo3MG1oZG1sZTY?oc=5,Vero Notícias,2025-10-05 12:00:00-03:00,"FIDC OR ""fundo de investimento em direitos creditórios"""
"IOF em FIDC ainda traz dúvida e mostra descompasso regulatório, diz Lefosse - InfoMoney",https://news.google.com/rss/articles/CBMiugFBVV95cUxQY21LQ3AxUkFyN0xIMzhFMXJyeTZJS0FYb1VhZlp6NHUyX3lObFZaSGlNNTFWOU1jVl9LWmhyTDBtamxYUG5iN2hDS000N1RrVFhCR3MwQ3NlRmVQQW9mWHVUUjBKQ1BhUDZZNU1vNWhQQXM4WTRjNllXa0t3NjhCMEJsQXlwblpRWnYxZ2NCSXlodk9oZnNHc3JyQy1TRHdzQU9XTnJQX1JYck9IdmFPWkROMVdMZmlmU3fSAb8BQVVfeXFMTUFVT21FclJRQmlmSmh3MmpjdVdYbDdLNTA1eGFiZHhqWmVfemlmMDBMR0xXQVpGd19CQTlCNDkySVZPY3FqTy1Sc0FDYm9STWxhOWljZllGN2lvdVZ0Z1lzcWVOX1J0dnc1bDNsLXlZbVdkUnkwZEVSWU1vV2hrRml0V01JS3lzSVRCdG9TMnNvQmpNS1A4cE5lZURPZnFGWmM1UkZOODJLcnFxVndxVmdrZ2RQN1lqc0NKeTZpNEk?oc=5,InfoMoney,2025-10-05 10:12:00-03:00,"FIDC OR ""fundo de investimento em direitos creditórios"""
"BNDES aprova R$ 1,3 bi em crédito para modernização da indústria - MSN",https://news.google.com/rss/articles/CBMi5AFBVV95cUxNenFyUlhWdXp1emdYdWtJUkpVZy1qSU1aOVBDVWpKWTk3Q2otQ0lGSTd2UGlmUmhvQ2pPRGJ1b0tYZnlmeFRtY1ZtWUZJbDFEUVlBNC10UXptS1RvN0pXeERYNmNRcmxQZGhMRHNaLVVVNXlpY1haNzQySUsxU0Z2UGx4X2xNX3ZnM1ZqeGh1UDFQUTUyY2NYNW5OQjhoMnpOdTNNeWUtWk9DOTY2S1M0OGRVS3I2WFFFVHoxc1VpeUF6c1A2OFkxRXNLR3JiZ3hXeHVQbjFJTmg1MmV6NHdQVHY3V1Y?oc=5,MSN,2025-10-05 10:09:35-03:00,"BNDES OR ""banco de desenvolvimento"" financiamento"
CRA vira sobre o Taveirópolis e retoma briga por lugar na zona de acesso - Dourados News,https://news.google.com/rss/articles/CBMiwgFBVV95cUxPc2dpXzJCUzAwbGFtazRRcUw0LVhHcm9MX3U1QWZCUjhEVE5ldzlxRjl2NmYteW5yd2pBNDBmRk54cDdHOWFmc2N5ZnB2Z2pOdGl2bFZwc2tHOS1YZXdvMTNkcWtYa3NtTUd3WXNwU1BFZlNLMTdSelBBVHNBaXNMR1BUNS1ScEs4bHBScFFQM1prYl9RdW8xcUdHcjBRWUIzQ25EV29oV1Ixb2paV3lTNkRLZ3R4aFRpSUpTdktqcHUxZ9IBugFBVV95cUxQb1E5OU8zVFlLazdxRlFCNG96a3c2Sy1aVm83WHRHc3Ewak5KOWVmdTVSX3JQVldpVXJDR3A5OTRDci12Qjh5Y2s2SXh4eVZBeTl0T0ZvR29STHZLNzdXanJiVnlURXRTaDY0a0pqcnZvWGpvRG90aXo1TVpmbmtPUnVBYXhKQUFIWkNqSUhGTVRNZWc4Y0l0UTRTcC1vTENQdWVSVVhwMl9zVkRhQ2VCRWxRVnQwVzdnQVE?oc=5,Dourados News,2025-10-05 09:45:00-03:00,"CRA OR ""certificado de recebíveis do agronegócio"""
"Dólar tende a cair a R$ 5, diz economista do Bradesco - Times Brasil",https://news.google.com/rss/articles/CBMiqgFBVV95cUxNNEE1b3FLMnpLZi1lWEN0d0M4bnZJQ011d1VEVkpiWURFSDlkZVFXQzdaZkJGM0RGRjJOaWZEcXhnNmphT2RpY1QzZUMwaWVnem1Za1FZendIMUp2d2VQMVdmQ21zVU1lOGtaRjk5ZmthQlpaZS1tbnlKLTZGeGZ1Z3VEQ1ZnVjN5UXBEb3JIU2locEp1bWhsY2NIY2diY0hNLWN1VzN0M2ZSQQ?oc=5,Times Brasil,2025-10-05 09:07:00-03:00,"câmbio OR dólar OR ""taxa de câmbio"" economia"
Câmbio favorável e indústria ociosa aliviam impacto da nova faixa de isenção do IR - A Crítica de Campo Grande - .,https://news.google.com/rss/articles/CBMinAFBVV95cUxNOEViczR5eDlTTTRscmd6RTltc240TmVkZTlKODVkbklUMFRYTDQ1RGFleEdxNDJZY2daWllOSDZpSzI5Mkttd1J3ZTVldmpsTmxvT3ZvQV93VHdTUk1HRnZEeFNyT3NhT1d2QXhINjEtWG16S0VxZGthZnRDa251X1VDdElKYmtIVzNpYXR6VjdMYzhtMUQ3LXBtODLSAZMBQVVfeXFMUDRHb05MNXJac3RZSFZZRlhWWWR6cE1JbXA5QkZ2ZTRWWU50b1dqOWFCV010eDdpUnk2Y3YwYVBqemNzblVZaUxPS0RJT0Q2X2k0Q091SUNJb2cwZ3g0T3JKVURqR1gtbVFjb1g0QVZfQS1feVJlbTZWS0pqeXdyV1oyek5WaU1SZy13RXl6ZjZLQUZF?oc=5,A Crítica de Campo Grande - .,2025-10-05 08:30:00-03:00,"câmbio OR dólar OR ""taxa de câmbio"" economia"
"Cotado ao Nobel, Milton Hatoum diz ao DCM que vencer Tarcísio e fortalecer democracia valem mais - Diário do Centro do Mundo",https://news.google.com/rss/articles/CBMi0wFBVV95cUxOMHhZd3hrT0o1NnE1cDcwM254YlN4Y0lJS0ljZU9wNEpuUXNmUjFQWERDMkVVdDhpYkxUWERNZmkxWFUycDQ3NU9uYloySDhxNFpzYnNzOHVxZGp2NVNVcGtBaHJaaXNlTGlNZXpmVGgxU0NlT1l0bFdMMEtWXzZQOXVudHJvZmZicWN1OFhPSXowVlZtVURUWi1yRmNVODNYc1dZZWFOOUZJV2dlbWhfVm1qb0RpempBa1VUdjFnQkVzTzVQeTFWV2JKZ2h6RHVMQkZj?oc=5,Diário do Centro do Mundo,2025-10-05 07:33:00-03:00,"""mercado de capitais"" OR DCM OR ""debt capital markets"""
